-5,0,0,0,0,0,0,0
-5,0,0,0,1,0.13172800617479155,-0.08773163732589749,-0.08610466626694951
-5,0,0,0,2,0,0,0
-5,0,0,1,0,0,0,0
-5,0,0,1,1,0,0,0
-5,0,0,1,2,0,0,0
-5,0,0,2,0,0,0,0
-5,0,0,2,1,0,0,0
-5,0,0,2,2,0,0,0
-5,0,0,3,0,0,0,0
-5,0,0,3,1,0,0,0
-5,0,0,3,2,0,0,0
-5,0,1,0,0,0,0,0
-5,0,1,0,1,0.14204195245542323,-0.11401306667600147,-0.13358801033612533
-5,0,1,0,2,0.003994009991006998,-0.0029968447886872195,-0.001998997002996002
-5,0,1,1,0,0,0,0
-5,0,1,1,1,0,0,0
-5,0,1,1,2,0,0,0
-5,0,1,2,0,0,0,0
-5,0,1,2,1,0,0,0
-5,0,1,2,2,0,0,0
-5,0,1,3,0,0,0,0
-5,0,1,3,1,0,0,0
-5,0,1,3,2,0,0,0
-5,0,2,0,0,0,0,0
-5,0,2,0,1,0,0,0
-5,0,2,0,2,0,0,0
-5,0,2,1,0,0,0,0
-5,0,2,1,1,-0.02829795267761913,-0.017557732747790197,-0.08562913385237515
-5,0,2,1,2,-0.015832919463833993,0.005739766848163713,-0.01775661329828781
-5,0,2,2,0,0,0,0
-5,0,2,2,1,0,0,0
-5,0,2,2,2,0,0,0
-5,0,2,3,0,0,0,0
-5,0,2,3,1,0,0,0
-5,0,2,3,2,0,0,0
-5,0,3,0,0,0,0,0
-5,0,3,0,1,0,0,0
-5,0,3,0,2,0,0,0
-5,0,3,1,0,0,0,0
-5,0,3,1,1,0,0,0
-5,0,3,1,2,0,0,0
-5,0,3,2,0,0,0,0
-5,0,3,2,1,-0.11191451589530046,-0.1346679260961649,0.16851387280627445
-5,0,3,2,2,-0.059919450272534196,-0.058260786427455975,0.1146075608255403
-5,0,3,3,0,0,0,0
-5,0,3,3,1,-0.03047562808355996,-0.03247641886858083,0.061914735542891654
-5,0,3,3,2,-0.05139291868249898,-0.0620227385617903,0.0860021527373683
-5,1,0,0,0,0.04589666303569724,-0.0334436837359573,-0.023724632045960196
-5,1,0,0,1,0.2443532849776746,-0.16562022072451196,-0.14192057285431323
-5,1,0,0,2,0,0,0
-5,1,0,1,0,0,0,0
-5,1,0,1,1,0,0,0
-5,1,0,1,2,0,0,0
-5,1,0,2,0,0,0,0
-5,1,0,2,1,0,0,0
-5,1,0,2,2,0,0,0
-5,1,0,3,0,0,0,0
-5,1,0,3,1,0,0,0
-5,1,0,3,2,0,0,0
-5,1,1,0,0,-0.000991993085749618,-0.003981959140520125,0.003961142083275825
-5,1,1,0,1,0.2824012118269097,-0.16971604347483316,-0.18753542968167797
-5,1,1,0,2,0,0,0
-5,1,1,1,0,0,0,0
-5,1,1,1,1,0,0,0
-5,1,1,1,2,0,0,0
-5,1,1,2,0,0,0,0
-5,1,1,2,1,0,0,0
-5,1,1,2,2,0,0,0
-5,1,1,3,0,0,0,0
-5,1,1,3,1,0,0,0
-5,1,1,3,2,0,0,0
-5,1,2,0,0,0,0,0
-5,1,2,0,1,0,0,0
-5,1,2,0,2,0,0,0
-5,1,2,1,0,-0.001999,-0.004990005000997002,0.0029970019990000004
-5,1,2,1,1,0.2651010511796182,-0.2410465588076244,-0.3204215255893065
-5,1,2,1,2,-0.001984013489676629,-0.0029066365593017106,-0.020791305078917716
-5,1,2,2,0,0,0,0
-5,1,2,2,1,0,0,0
-5,1,2,2,2,0,0,0
-5,1,2,3,0,0,0,0
-5,1,2,3,1,0,0,0
-5,1,2,3,2,0,0,0
-5,1,3,0,0,0,0,0
-5,1,3,0,1,0,0,0
-5,1,3,0,2,0,0,0
-5,1,3,1,0,0,0,0
-5,1,3,1,1,0,0,0
-5,1,3,1,2,0,0,0
-5,1,3,2,0,0,0,0
-5,1,3,2,1,-0.1799683114664152,-0.10157803340347138,-0.14653330004722234
-5,1,3,2,2,-0.037266832064926834,-0.0206715229338535,0.026247823641713235
-5,1,3,3,0,0,0,0
-5,1,3,3,1,-0.30309347038096995,-0.2585477722681704,0.3555088875988396
-5,1,3,3,2,-0.0535390433080844,-0.045933289217380636,0.09972755741099786
-5,2,0,0,0,0.28843100095758556,-0.19548469745934072,-0.1993889164104531
-5,2,0,0,1,0.09158436435960007,-0.05542977617930174,-0.06949948773037767
-5,2,0,0,2,0,0,0
-5,2,0,1,0,0,0,0
-5,2,0,1,1,0,0,0
-5,2,0,1,2,0,0,0
-5,2,0,2,0,0,0,0
-5,2,0,2,1,0,0,0
-5,2,0,2,2,0,0,0
-5,2,0,3,0,0,0,0
-5,2,0,3,1,0,0,0
-5,2,0,3,2,0,0,0
-5,2,1,0,0,-0.011657243481154118,-0.02747685417866187,-0.008067093662930094
-5,2,1,0,1,0.1764388457353496,-0.1245838454884849,-0.11578233499442038
-5,2,1,0,2,0,0,0
-5,2,1,1,0,0,0,0
-5,2,1,1,1,0,0,0
-5,2,1,1,2,0,0,0
-5,2,1,2,0,0,0,0
-5,2,1,2,1,0,0,0
-5,2,1,2,2,0,0,0
-5,2,1,3,0,0,0,0
-5,2,1,3,1,0,0,0
-5,2,1,3,2,0,0,0
-5,2,2,0,0,0,0,0
-5,2,2,0,1,0,0,0
-5,2,2,0,2,0,0,0
-5,2,2,1,0,-0.019735742024840616,-0.03338061156638349,0.015239246224428526
-5,2,2,1,1,0.2251992936592165,-0.17820260619385558,-0.17375098346271659
-5,2,2,1,2,0,0,0
-5,2,2,2,0,0,0,0
-5,2,2,2,1,0,0,0
-5,2,2,2,2,0,0,0
-5,2,2,3,0,0,0,0
-5,2,2,3,1,0,0,0
-5,2,2,3,2,0,0,0
-5,2,3,0,0,0,0,0
-5,2,3,0,1,0,0,0
-5,2,3,0,2,0,0,0
-5,2,3,1,0,0,0,0
-5,2,3,1,1,0,0,0
-5,2,3,1,2,0,0,0
-5,2,3,2,0,-0.005984993091757407,-0.010945105066964438,0.007972088737870997
-5,2,3,2,1,0.2841605461748201,-0.25515811843433783,-0.2772566441777613
-5,2,3,2,2,0,0,0
-5,2,3,3,0,0,0,0
-5,2,3,3,1,-0.13570237853130673,-0.20378405630046534,-0.03313421439319884
-5,2,3,3,2,0,0,0
-5,3,0,0,0,0.11064276792607376,-0.24680333310848024,-0.1960990004288429
-5,3,0,0,1,0,0,0
-5,3,0,0,2,0,0,0
-5,3,0,1,0,0,0,0
-5,3,0,1,1,0,0,0
-5,3,0,1,2,0,0,0
-5,3,0,2,0,0,0,0
-5,3,0,2,1,0,0,0
-5,3,0,2,2,0,0,0
-5,3,0,3,0,0,0,0
-5,3,0,3,1,0,0,0
-5,3,0,3,2,0,0,0
-5,3,1,0,0,-0.03101923448947689,-0.19354404641059406,0.012950591755200037
-5,3,1,0,1,0.08794087432577041,-0.04879226270787871,-0.05069373904732215
-5,3,1,0,2,0,0,0
-5,3,1,1,0,0,0,0
-5,3,1,1,1,0,0,0
-5,3,1,1,2,0,0,0
-5,3,1,2,0,0,0,0
-5,3,1,2,1,0,0,0
-5,3,1,2,2,0,0,0
-5,3,1,3,0,0,0,0
-5,3,1,3,1,0,0,0
-5,3,1,3,2,0,0,0
-5,3,2,0,0,0,0,0
-5,3,2,0,1,0,0,0
-5,3,2,0,2,0,0,0
-5,3,2,1,0,-0.04280985623251223,-0.10102499482463563,0.03601462775519111
-5,3,2,1,1,0.2007959297985833,-0.1245826154303655,-0.11134522717184481
-5,3,2,1,2,0,0,0
-5,3,2,2,0,0,0,0
-5,3,2,2,1,0,0,0
-5,3,2,2,2,0,0,0
-5,3,2,3,0,0,0,0
-5,3,2,3,1,0,0,0
-5,3,2,3,2,0,0,0
-5,3,3,0,0,0,0,0
-5,3,3,0,1,0,0,0
-5,3,3,0,2,0,0,0
-5,3,3,1,0,0,0,0
-5,3,3,1,1,0,0,0
-5,3,3,1,2,0,0,0
-5,3,3,2,0,-0.035187759250006674,-0.05721665059829863,0.014998984475917623
-5,3,3,2,1,0.26223362018428464,-0.13349188885371369,-0.15364481759422027
-5,3,3,2,2,0,0,0
-5,3,3,3,0,-0.013909266811056784,-0.01390922669530247,0.020609985279563373
-5,3,3,3,1,0.19530519843615185,-0.23262955453891762,-0.2612133206824768
-5,3,3,3,2,0,0,0
-5,4,0,0,0,-0.1534142476892931,-0.2940311841259515,0.1684079468655094
-5,4,0,0,1,0,0,0
-5,4,0,0,2,0,0,0
-5,4,0,1,0,0,0,0
-5,4,0,1,1,0,0,0
-5,4,0,1,2,0,0,0
-5,4,0,2,0,0,0,0
-5,4,0,2,1,0,0,0
-5,4,0,2,2,0,0,0
-5,4,0,3,0,0,0,0
-5,4,0,3,1,0,0,0
-5,4,0,3,2,0,0,0
-5,4,1,0,0,-0.06938202053793942,-0.18930162622341706,0.032756377115103805
-5,4,1,0,1,0,0,0
-5,4,1,0,2,0,0,0
-5,4,1,1,0,0,0,0
-5,4,1,1,1,0,0,0
-5,4,1,1,2,0,0,0
-5,4,1,2,0,0,0,0
-5,4,1,2,1,0,0,0
-5,4,1,2,2,0,0,0
-5,4,1,3,0,0,0,0
-5,4,1,3,1,0,0,0
-5,4,1,3,2,0,0,0
-5,4,2,0,0,0,0,0
-5,4,2,0,1,0,0,0
-5,4,2,0,2,0,0,0
-5,4,2,1,0,-0.0706319092646727,-0.25463851003674964,0.07877583873756219
-5,4,2,1,1,0.053542513548775074,-0.05353891795499311,-0.025677001401960876
-5,4,2,1,2,0,0,0
-5,4,2,2,0,0,0,0
-5,4,2,2,1,0,0,0
-5,4,2,2,2,0,0,0
-5,4,2,3,0,0,0,0
-5,4,2,3,1,0,0,0
-5,4,2,3,2,0,0,0
-5,4,3,0,0,0,0,0
-5,4,3,0,1,0,0,0
-5,4,3,0,2,0,0,0
-5,4,3,1,0,0,0,0
-5,4,3,1,1,0,0,0
-5,4,3,1,2,0,0,0
-5,4,3,2,0,-0.07049552351228748,-0.14098002916403887,0.04572758991481291
-5,4,3,2,1,0.11313965510055837,-0.06670258747436707,-0.07506778028447855
-5,4,3,2,2,0,0,0
-5,4,3,3,0,-0.054138364650615764,-0.06162908162187917,0.037128260696230785
-5,4,3,3,1,0.20088486567960748,-0.18950589381357544,-0.14538117191494032
-5,4,3,3,2,0,0,0
-5,5,0,0,0,-0.12732225785656245,-0.09168013760243715,0.10451508012137123
-5,5,0,0,1,0,0,0
-5,5,0,0,2,0,0,0
-5,5,0,1,0,0,0,0
-5,5,0,1,1,0,0,0
-5,5,0,1,2,0,0,0
-5,5,0,2,0,0,0,0
-5,5,0,2,1,0,0,0
-5,5,0,2,2,0,0,0
-5,5,0,3,0,0,0,0
-5,5,0,3,1,0,0,0
-5,5,0,3,2,0,0,0
-5,5,1,0,0,-0.062170476455635684,-0.08850288264162755,0.09600603636390384
-5,5,1,0,1,0,0,0
-5,5,1,0,2,0,0,0
-5,5,1,1,0,0,0,0
-5,5,1,1,1,0,0,0
-5,5,1,1,2,0,0,0
-5,5,1,2,0,0,0,0
-5,5,1,2,1,0,0,0
-5,5,1,2,2,0,0,0
-5,5,1,3,0,0,0,0
-5,5,1,3,1,0,0,0
-5,5,1,3,2,0,0,0
-5,5,2,0,0,0,0,0
-5,5,2,0,1,0,0,0
-5,5,2,0,2,0,0,0
-5,5,2,1,0,-0.043962121902018814,-0.0821222492856337,0.026847940444674957
-5,5,2,1,1,0,0,0
-5,5,2,1,2,0,0,0
-5,5,2,2,0,0,0,0
-5,5,2,2,1,0,0,0
-5,5,2,2,2,0,0,0
-5,5,2,3,0,0,0,0
-5,5,2,3,1,0,0,0
-5,5,2,3,2,0,0,0
-5,5,3,0,0,0,0,0
-5,5,3,0,1,0,0,0
-5,5,3,0,2,0,0,0
-5,5,3,1,0,0,0,0
-5,5,3,1,1,0,0,0
-5,5,3,1,2,0,0,0
-5,5,3,2,0,-0.033608807059524355,-0.10822344202665703,0.029987088961754452
-5,5,3,2,1,0.020791713643587468,-0.005984976256642507,-0.00995499677271885
-5,5,3,2,2,0,0,0
-5,5,3,3,0,-0.04474868213303228,-0.05985809738642389,0.029330622517874647
-5,5,3,3,1,0.005937202606950664,-0.014895096477098947,-0.01084308979694422
-5,5,3,3,2,0,0,0
-4,0,0,0,0,0.020791744909924043,-0.012921891087709353,-0.01289482997097834
-4,0,0,0,1,0.23847534143446464,-0.17797083110166453,-0.14809911269590376
-4,0,0,0,2,0,0,0
-4,0,0,1,0,0,0,0
-4,0,0,1,1,0,0,0
-4,0,0,1,2,0,0,0
-4,0,0,2,0,0,0,0
-4,0,0,2,1,0,0,0
-4,0,0,2,2,0,0,0
-4,0,0,3,0,0,0,0
-4,0,0,3,1,0,0,0
-4,0,0,3,2,0,0,0
-4,0,1,0,0,0.017848434339077495,-0.010944665424166698,-0.007971788000687983
-4,0,1,0,1,0.3868085737555864,-0.2669438813556585,-0.2500044556775082
-4,0,1,0,2,0,0,0
-4,0,1,1,0,0,0,0
-4,0,1,1,1,0,0,0
-4,0,1,1,2,0,0,0
-4,0,1,2,0,0,0,0
-4,0,1,2,1,0,0,0
-4,0,1,2,2,0,0,0
-4,0,1,3,0,0,0,0
-4,0,1,3,1,0,0,0
-4,0,1,3,2,0,0,0
-4,0,2,0,0,0,0,0
-4,0,2,0,1,0,0,0
-4,0,2,0,2,0,0,0
-4,0,2,1,0,0,-0.001,-0.0009999860903226786
-4,0,2,1,1,-0.08178124637977276,0.017283863536755692,-0.17049242507875392
-4,0,2,1,2,-0.008948900361429276,-0.0030006815374030993,-0.003979616147445039
-4,0,2,2,0,0,0,0
-4,0,2,2,1,0,0,0
-4,0,2,2,2,0,0,0
-4,0,2,3,0,0,0,0
-4,0,2,3,1,0,0,0
-4,0,2,3,2,0,0,0
-4,0,3,0,0,0,0,0
-4,0,3,0,1,0,0,0
-4,0,3,0,2,0,0,0
-4,0,3,1,0,0,0,0
-4,0,3,1,1,0,0,0
-4,0,3,1,2,0,0,0
-4,0,3,2,0,0,0,0
-4,0,3,2,1,-0.1897148741370213,-0.18694436224793748,0.2579704940670167
-4,0,3,2,2,-0.04301585936689251,-0.039200066021627955,0.05984708154395722
-4,0,3,3,0,0,0,0
-4,0,3,3,1,-0.1480891617860822,-0.1567911328734904,0.22249132903869048
-4,0,3,3,2,-0.029509524596601718,-0.04584394440090516,0.058157991181536625
-4,1,0,0,0,0.2988332317049217,-0.17775804783969293,-0.18459502534568772
-4,1,0,0,1,0.30736877063995105,-0.19270971786580895,-0.2235978966571182
-4,1,0,0,2,0,0,0
-4,1,0,1,0,0,0,0
-4,1,0,1,1,0,0,0
-4,1,0,1,2,0,0,0
-4,1,0,2,0,0,0,0
-4,1,0,2,1,0,0,0
-4,1,0,2,2,0,0,0
-4,1,0,3,0,0,0,0
-4,1,0,3,1,0,0,0
-4,1,0,3,2,0,0,0
-4,1,1,0,0,0.13475223467965533,-0.1135429126749653,-0.10388741882520301
-4,1,1,0,1,0.5519373501477156,-0.34692016781429874,-0.34953461827911586
-4,1,1,0,2,0,0,0
-4,1,1,1,0,0,0,0
-4,1,1,1,1,0,0,0
-4,1,1,1,2,0,0,0
-4,1,1,2,0,0,0,0
-4,1,1,2,1,0,0,0
-4,1,1,2,2,0,0,0
-4,1,1,3,0,0,0,0
-4,1,1,3,1,0,0,0
-4,1,1,3,2,0,0,0
-4,1,2,0,0,0,0,0
-4,1,2,0,1,0,0,0
-4,1,2,0,2,0,0,0
-4,1,2,1,0,0.0031722670053840815,-0.02154729209383122,-0.0341009882602492
-4,1,2,1,1,0.41193609365533074,-0.362379049946169,-0.599498137655023
-4,1,2,1,2,-0.010945127910490364,0.006979055895160804,-0.003992993039507712
-4,1,2,2,0,0,0,0
-4,1,2,2,1,0,0,0
-4,1,2,2,2,0,0,0
-4,1,2,3,0,0,0,0
-4,1,2,3,1,0,0,0
-4,1,2,3,2,0,0,0
-4,1,3,0,0,0,0,0
-4,1,3,0,1,0,0,0
-4,1,3,0,2,0,0,0
-4,1,3,1,0,0,0,0
-4,1,3,1,1,0,0,0
-4,1,3,1,2,0,0,0
-4,1,3,2,0,0.001,-0.001998999001,-0.001
-4,1,3,2,1,-0.34117639530698907,-0.010454130648846344,-0.24744654809889835
-4,1,3,2,2,-0.00299694943015004,-0.007961080006365669,0.00597416985336823
-4,1,3,3,0,0,0,0
-4,1,3,3,1,-0.37691493275817817,-0.3742933676075286,0.5205082083218742
-4,1,3,3,2,-0.001998945376525162,-0.002996995010941561,0.004990058438940381
-4,2,0,0,0,0.48472054902324047,-0.32810879282778443,-0.3460889338520851
-4,2,0,0,1,0.08336653151913982,-0.055430243654984813,-0.0610839325741314
-4,2,0,0,2,0,0,0
-4,2,0,1,0,0,0,0
-4,2,0,1,1,0,0,0
-4,2,0,1,2,0,0,0
-4,2,0,2,0,0,0,0
-4,2,0,2,1,0,0,0
-4,2,0,2,2,0,0,0
-4,2,0,3,0,0,0,0
-4,2,0,3,1,0,0,0
-4,2,0,3,2,0,0,0
-4,2,1,0,0,0.09884639164290505,-0.17404872801405852,-0.1598636321281521
-4,2,1,0,1,0.2630293027980544,-0.16310981038208935,-0.16561788815487227
-4,2,1,0,2,0,0,0
-4,2,1,1,0,0,0,0
-4,2,1,1,1,0,0,0
-4,2,1,1,2,0,0,0
-4,2,1,2,0,0,0,0
-4,2,1,2,1,0,0,0
-4,2,1,2,2,0,0,0
-4,2,1,3,0,0,0,0
-4,2,1,3,1,0,0,0
-4,2,1,3,2,0,0,0
-4,2,2,0,0,0,0,0
-4,2,2,0,1,0,0,0
-4,2,2,0,2,0,0,0
-4,2,2,1,0,-0.0737575771887682,-0.15942964530572906,-0.05521698052532608
-4,2,2,1,1,0.5581797876193176,-0.37315278982465905,-0.3317285619992489
-4,2,2,1,2,0,0,0
-4,2,2,2,0,0,0,0
-4,2,2,2,1,0,0,0
-4,2,2,2,2,0,0,0
-4,2,2,3,0,0,0,0
-4,2,2,3,1,0,0,0
-4,2,2,3,2,0,0,0
-4,2,3,0,0,0,0,0
-4,2,3,0,1,0,0,0
-4,2,3,0,2,0,0,0
-4,2,3,1,0,0,0,0
-4,2,3,1,1,0,0,0
-4,2,3,1,2,0,0,0
-4,2,3,2,0,0.0026146926477629224,-0.007272499518955684,-0.03814600917344152
-4,2,3,2,1,0.4757742807208639,-0.3486521185045657,-0.4339548691183698
-4,2,3,2,2,0,0,0
-4,2,3,3,0,0.001999,-0.0029969990009999998,0
-4,2,3,3,1,-0.35814911595806076,-0.1425300511924307,-0.0756631903743363
-4,2,3,3,2,0,0,0
-4,3,0,0,0,0.4416324755803658,-0.41505747715005786,-0.429343240579996
-4,3,0,0,1,0.005985070146409421,-0.003993995015908472,-0.007971948501736884
-4,3,0,0,2,0,0,0
-4,3,0,1,0,0,0,0
-4,3,0,1,1,0,0,0
-4,3,0,1,2,0,0,0
-4,3,0,2,0,0,0,0
-4,3,0,2,1,0,0,0
-4,3,0,2,2,0,0,0
-4,3,0,3,0,0,0,0
-4,3,0,3,1,0,0,0
-4,3,0,3,2,0,0,0
-4,3,1,0,0,0.07606055709071179,-0.29756810292148317,-0.1391489907450542
-4,3,1,0,1,0.08428316410350659,-0.05826133482163839,-0.0629605608864766
-4,3,1,0,2,0,0,0
-4,3,1,1,0,0,0,0
-4,3,1,1,1,0,0,0
-4,3,1,1,2,0,0,0
-4,3,1,2,0,0,0,0
-4,3,1,2,1,0,0,0
-4,3,1,2,2,0,0,0
-4,3,1,3,0,0,0,0
-4,3,1,3,1,0,0,0
-4,3,1,3,2,0,0,0
-4,3,2,0,0,0,0,0
-4,3,2,0,1,0,0,0
-4,3,2,0,2,0,0,0
-4,3,2,1,0,-0.0727323916684573,-0.27099756537018904,-0.06337775511823823
-4,3,2,1,1,0.34447426331655223,-0.2102734133025192,-0.20393244356424778
-4,3,2,1,2,0,0,0
-4,3,2,2,0,0,0,0
-4,3,2,2,1,0,0,0
-4,3,2,2,2,0,0,0
-4,3,2,3,0,0,0,0
-4,3,2,3,1,0,0,0
-4,3,2,3,2,0,0,0
-4,3,3,0,0,0,0,0
-4,3,3,0,1,0,0,0
-4,3,3,0,2,0,0,0
-4,3,3,1,0,0,0,0
-4,3,3,1,1,0,0,0
-4,3,3,1,2,0,0,0
-4,3,3,2,0,-0.076561972437027,-0.145864736724895,-0.07722271771944955
-4,3,3,2,1,0.4392584259802072,-0.2875736177734228,-0.27317998002673494
-4,3,3,2,2,0,0,0
-4,3,3,3,0,-0.011673769133958222,-0.012025510869421717,-0.04443050963072478
-4,3,3,3,1,0.002327899188439846,-0.2555023456499696,-0.33648944771784234
-4,3,3,3,2,0,0,0
-4,4,0,0,0,0.11225328967144688,-0.4205201745860235,-0.2117827310926892
-4,4,0,0,1,0,0,0
-4,4,0,0,2,0,0,0
-4,4,0,1,0,0,0,0
-4,4,0,1,1,0,0,0
-4,4,0,1,2,0,0,0
-4,4,0,2,0,0,0,0
-4,4,0,2,1,0,0,0
-4,4,0,2,2,0,0,0
-4,4,0,3,0,0,0,0
-4,4,0,3,1,0,0,0
-4,4,0,3,2,0,0,0
-4,4,1,0,0,0.05793962491837931,-0.34119791207721606,-0.10599429401073251
-4,4,1,0,1,0.004990124503596099,-0.002996993015899677,-0.001998993011908626
-4,4,1,0,2,0,0,0
-4,4,1,1,0,0,0,0
-4,4,1,1,1,0,0,0
-4,4,1,1,2,0,0,0
-4,4,1,2,0,0,0,0
-4,4,1,2,1,0,0,0
-4,4,1,2,2,0,0,0
-4,4,1,3,0,0,0,0
-4,4,1,3,1,0,0,0
-4,4,1,3,2,0,0,0
-4,4,2,0,0,0,0,0
-4,4,2,0,1,0,0,0
-4,4,2,0,2,0,0,0
-4,4,2,1,0,-0.016934559606445517,-0.3573867266190518,-0.020733828713468523
-4,4,2,1,1,0.0961177329005589,-0.06483312439783748,-0.06295950808683114
-4,4,2,1,2,0,0,0
-4,4,2,2,0,0,0,0
-4,4,2,2,1,0,0,0
-4,4,2,2,2,0,0,0
-4,4,2,3,0,0,0,0
-4,4,2,3,1,0,0,0
-4,4,2,3,2,0,0,0
-4,4,3,0,0,0,0,0
-4,4,3,0,1,0,0,0
-4,4,3,0,2,0,0,0
-4,4,3,1,0,0,0,0
-4,4,3,1,1,0,0,0
-4,4,3,1,2,0,0,0
-4,4,3,2,0,-0.0025115561648555527,-0.2959721979000588,-0.10014713571747338
-4,4,3,2,1,0.2275343450640188,-0.11842611751362224,-0.10151156740801837
-4,4,3,2,2,0,0,0
-4,4,3,3,0,-0.05203577372964588,-0.1759538009210382,-0.11710316325076758
-4,4,3,3,1,0.35453138120038896,-0.22643998450734648,-0.2847354982123137
-4,4,3,3,2,0,0,0
-4,5,0,0,0,-0.06998555117484952,-0.18616850287691822,0.026251613394052124
-4,5,0,0,1,0,0,0
-4,5,0,0,2,0,0,0
-4,5,0,1,0,0,0,0
-4,5,0,1,1,0,0,0
-4,5,0,1,2,0,0,0
-4,5,0,2,0,0,0,0
-4,5,0,2,1,0,0,0
-4,5,0,2,2,0,0,0
-4,5,0,3,0,0,0,0
-4,5,0,3,1,0,0,0
-4,5,0,3,2,0,0,0
-4,5,1,0,0,-0.03968939362728298,-0.14739280779408107,-0.0227721180817593
-4,5,1,0,1,0,0,0
-4,5,1,0,2,0,0,0
-4,5,1,1,0,0,0,0
-4,5,1,1,1,0,0,0
-4,5,1,1,2,0,0,0
-4,5,1,2,0,0,0,0
-4,5,1,2,1,0,0,0
-4,5,1,2,2,0,0,0
-4,5,1,3,0,0,0,0
-4,5,1,3,1,0,0,0
-4,5,1,3,2,0,0,0
-4,5,2,0,0,0,0,0
-4,5,2,0,1,0,0,0
-4,5,2,0,2,0,0,0
-4,5,2,1,0,-0.038112755065121046,-0.1562364201324175,-0.03865372702589067
-4,5,2,1,1,0.005985072065143394,-0.007971964283268587,-0.0009999960059528148
-4,5,2,1,2,0,0,0
-4,5,2,2,0,0,0,0
-4,5,2,2,1,0,0,0
-4,5,2,2,2,0,0,0
-4,5,2,3,0,0,0,0
-4,5,2,3,1,0,0,0
-4,5,2,3,2,0,0,0
-4,5,3,0,0,0,0,0
-4,5,3,0,1,0,0,0
-4,5,3,0,2,0,0,0
-4,5,3,1,0,0,0,0
-4,5,3,1,1,0,0,0
-4,5,3,1,2,0,0,0
-4,5,3,2,0,0.028793766684480287,-0.14069052520491093,-0.019688729920875527
-4,5,3,2,1,0.02274973049677773,-0.007971976119182801,-0.007971992417966735
-4,5,3,2,2,0,0,0
-4,5,3,3,0,-0.008785221100264478,-0.09739856060705393,-0.07659055063121029
-4,5,3,3,1,0.0449831596401933,-0.019809981943336677,-0.02665048504059832
-4,5,3,3,2,0,0,0
-3,0,0,0,0,0.17735573229755577,-0.11488216511169952,-0.10176204878086477
-3,0,0,0,1,0.12734326037688729,-0.06576770292578653,-0.07861137214753018
-3,0,0,0,2,0,0,0
-3,0,0,1,0,0,0,0
-3,0,0,1,1,0,0,0
-3,0,0,1,2,0,0,0
-3,0,0,2,0,0,0,0
-3,0,0,2,1,0,0,0
-3,0,0,2,2,0,0,0
-3,0,0,3,0,0,0,0
-3,0,0,3,1,0,0,0
-3,0,0,3,2,0,0,0
-3,0,1,0,0,0.10819115724779467,-0.07783929003961047,-0.07414088638699998
-3,0,1,0,1,0.29788136048174957,-0.19028737658029263,-0.1851198090247751
-3,0,1,0,2,0,0,0
-3,0,1,1,0,0,0,0
-3,0,1,1,1,0,0,0
-3,0,1,1,2,0,0,0
-3,0,1,2,0,0,0,0
-3,0,1,2,1,0,0,0
-3,0,1,2,2,0,0,0
-3,0,1,3,0,0,0,0
-3,0,1,3,1,0,0,0
-3,0,1,3,2,0,0,0
-3,0,2,0,0,0,0,0
-3,0,2,0,1,0,0,0
-3,0,2,0,2,0,0,0
-3,0,2,1,0,-0.0042105731769200225,-0.00674227963275049,-0.04850849295940278
-3,0,2,1,1,-0.12245625521208783,0.019594717088790868,-0.1508326031525612
-3,0,2,1,2,0,0,0
-3,0,2,2,0,0,0,0
-3,0,2,2,1,0,0,0
-3,0,2,2,2,0,0,0
-3,0,2,3,0,0,0,0
-3,0,2,3,1,0,0,0
-3,0,2,3,2,0,0,0
-3,0,3,0,0,0,0,0
-3,0,3,0,1,0,0,0
-3,0,3,0,2,0,0,0
-3,0,3,1,0,0,0,0
-3,0,3,1,1,0,0,0
-3,0,3,1,2,0,0,0
-3,0,3,2,0,-0.0019989890297308814,-0.006979009044988452,0.007972276621260162
-3,0,3,2,1,-0.19943146884538232,-0.1970168920633454,0.23201135977192758
-3,0,3,2,2,0,0,0
-3,0,3,3,0,0,0,0
-3,0,3,3,1,-0.18846769222941054,-0.21822219095928738,0.24805201435943022
-3,0,3,3,2,0,0,0
-3,1,0,0,0,0.45639386566594886,-0.29536824637095344,-0.32973470797240856
-3,1,0,0,1,0.10242640628285767,-0.08884497192062711,-0.07784026808229065
-3,1,0,0,2,0,0,0
-3,1,0,1,0,0,0,0
-3,1,0,1,1,0,0,0
-3,1,0,1,2,0,0,0
-3,1,0,2,0,0,0,0
-3,1,0,2,1,0,0,0
-3,1,0,2,2,0,0,0
-3,1,0,3,0,0,0,0
-3,1,0,3,1,0,0,0
-3,1,0,3,2,0,0,0
-3,1,1,0,0,0.36019151031745156,-0.2459762588058245,-0.25448007403415773
-3,1,1,0,1,0.4341789449751829,-0.26880708787838575,-0.2796954220229845
-3,1,1,0,2,0,0,0
-3,1,1,1,0,0,0,0
-3,1,1,1,1,0,0,0
-3,1,1,1,2,0,0,0
-3,1,1,2,0,0,0,0
-3,1,1,2,1,0,0,0
-3,1,1,2,2,0,0,0
-3,1,1,3,0,0,0,0
-3,1,1,3,1,0,0,0
-3,1,1,3,2,0,0,0
-3,1,2,0,0,0,0,0
-3,1,2,0,1,0,0,0
-3,1,2,0,2,0,0,0
-3,1,2,1,0,0.16069309781844396,-0.1453821470391039,-0.30891946034461637
-3,1,2,1,1,0.18170803031916746,-0.18035621059183707,-0.5802631820799935
-3,1,2,1,2,0,0,0
-3,1,2,2,0,0,0,0
-3,1,2,2,1,0,0,0
-3,1,2,2,2,0,0,0
-3,1,2,3,0,0,0,0
-3,1,2,3,1,0,0,0
-3,1,2,3,2,0,0,0
-3,1,3,0,0,0,0,0
-3,1,3,0,1,0,0,0
-3,1,3,0,2,0,0,0
-3,1,3,1,0,0,0,0
-3,1,3,1,1,0,0,0
-3,1,3,1,2,0,0,0
-3,1,3,2,0,-0.06755004472149448,0.07179650978598669,-0.0665849353770909
-3,1,3,2,1,-0.4313783359649051,-0.13364369778399776,0.03909746482875762
-3,1,3,2,2,0,0,0
-3,1,3,3,0,-0.000999999,-0.000999999,0.0019990325417445455
-3,1,3,3,1,-0.37441883010849436,-0.4001527040751026,0.5130835586483362
-3,1,3,3,2,0,0,0
-3,2,0,0,0,0.4713693101247977,-0.30926091916742715,-0.32569998837122605
-3,2,0,0,1,0.005985153679519641,-0.005984985204894872,-0.0039939870846511395
-3,2,0,0,2,0,0,0
-3,2,0,1,0,0,0,0
-3,2,0,1,1,0,0,0
-3,2,0,1,2,0,0,0
-3,2,0,2,0,0,0,0
-3,2,0,2,1,0,0,0
-3,2,0,2,2,0,0,0
-3,2,0,3,0,0,0,0
-3,2,0,3,1,0,0,0
-3,2,0,3,2,0,0,0
-3,2,1,0,0,0.3752454364574341,-0.3244430376062364,-0.3404969123659723
-3,2,1,0,1,0.19517880896670575,-0.1393441137432647,-0.11666511139400472
-3,2,1,0,2,0,0,0
-3,2,1,1,0,0,0,0
-3,2,1,1,1,0,0,0
-3,2,1,1,2,0,0,0
-3,2,1,2,0,0,0,0
-3,2,1,2,1,0,0,0
-3,2,1,2,2,0,0,0
-3,2,1,3,0,0,0,0
-3,2,1,3,1,0,0,0
-3,2,1,3,2,0,0,0
-3,2,2,0,0,0,0,0
-3,2,2,0,1,0,0,0
-3,2,2,0,2,0,0,0
-3,2,2,1,0,0.11158543249691959,-0.25062764127435316,-0.23941145059164928
-3,2,2,1,1,0.5279768547127102,-0.35083562964135445,-0.3731690048296312
-3,2,2,1,2,0,0,0
-3,2,2,2,0,0,0,0
-3,2,2,2,1,0,0,0
-3,2,2,2,2,0,0,0
-3,2,2,3,0,0,0,0
-3,2,2,3,1,0,0,0
-3,2,2,3,2,0,0,0
-3,2,3,0,0,0,0,0
-3,2,3,0,1,0,0,0
-3,2,3,0,2,0,0,0
-3,2,3,1,0,0,0,0
-3,2,3,1,1,0,0,0
-3,2,3,1,2,0,0,0
-3,2,3,2,0,0.04838951836162206,-0.054817929673817725,-0.25677631719115135
-3,2,3,2,1,0.18414857165141155,-0.16539628897218173,-0.41469236159163775
-3,2,3,2,2,0,0,0
-3,2,3,3,0,-0.033462209334656295,0.025393043874304678,-0.025370250262396334
-3,2,3,3,1,-0.37540922431311785,-0.2790462487132077,0.40063827735616614
-3,2,3,3,2,0,0,0
-3,3,0,0,0,0.4746600641597453,-0.35150780771775003,-0.37992660258864686
-3,3,0,0,1,0,0,0
-3,3,0,0,2,0,0,0
-3,3,0,1,0,0,0,0
-3,3,0,1,1,0,0,0
-3,3,0,1,2,0,0,0
-3,3,0,2,0,0,0,0
-3,3,0,2,1,0,0,0
-3,3,0,2,2,0,0,0
-3,3,0,3,0,0,0,0
-3,3,0,3,1,0,0,0
-3,3,0,3,2,0,0,0
-3,3,1,0,0,0.28493147653281187,-0.3615542689949699,-0.2381816852445011
-3,3,1,0,1,0.021770906352894134,-0.01588017457730967,-0.021770263424093154
-3,3,1,0,2,0,0,0
-3,3,1,1,0,0,0,0
-3,3,1,1,1,0,0,0
-3,3,1,1,2,0,0,0
-3,3,1,2,0,0,0,0
-3,3,1,2,1,0,0,0
-3,3,1,2,2,0,0,0
-3,3,1,3,0,0,0,0
-3,3,1,3,1,0,0,0
-3,3,1,3,2,0,0,0
-3,3,2,0,0,0,0,0
-3,3,2,0,1,0,0,0
-3,3,2,0,2,0,0,0
-3,3,2,1,0,0.19413436385413282,-0.4122740292548265,-0.23230135825552764
-3,3,2,1,1,0.3258407252586816,-0.22514418075317347,-0.21813998212498434
-3,3,2,1,2,0,0,0
-3,3,2,2,0,0,0,0
-3,3,2,2,1,0,0,0
-3,3,2,2,2,0,0,0
-3,3,2,3,0,0,0,0
-3,3,2,3,1,0,0,0
-3,3,2,3,2,0,0,0
-3,3,3,0,0,0,0,0
-3,3,3,0,1,0,0,0
-3,3,3,0,2,0,0,0
-3,3,3,1,0,0,0,0
-3,3,3,1,1,0,0,0
-3,3,3,1,2,0,0,0
-3,3,3,2,0,0.21689604558027697,-0.2507247324589061,-0.2978292983945545
-3,3,3,2,1,0.503344799826671,-0.29351715988319116,-0.2882800038200318
-3,3,3,2,2,0,0,0
-3,3,3,3,0,-0.04483984973654813,-0.03155165819377642,-0.19549549356692675
-3,3,3,3,1,-0.18599543016723755,-0.17602560692977803,-0.048740549227322266
-3,3,3,3,2,0,0,0
-3,4,0,0,0,0.2792239016255899,-0.3472947323742242,-0.40066129126080297
-3,4,0,0,1,0,0,0
-3,4,0,0,2,0,0,0
-3,4,0,1,0,0,0,0
-3,4,0,1,1,0,0,0
-3,4,0,1,2,0,0,0
-3,4,0,2,0,0,0,0
-3,4,0,2,1,0,0,0
-3,4,0,2,2,0,0,0
-3,4,0,3,0,0,0,0
-3,4,0,3,1,0,0,0
-3,4,0,3,2,0,0,0
-3,4,1,0,0,0.1480883094437256,-0.2944776695502822,-0.14474281366379968
-3,4,1,0,1,0,0,0
-3,4,1,0,2,0,0,0
-3,4,1,1,0,0,0,0
-3,4,1,1,1,0,0,0
-3,4,1,1,2,0,0,0
-3,4,1,2,0,0,0,0
-3,4,1,2,1,0,0,0
-3,4,1,2,2,0,0,0
-3,4,1,3,0,0,0,0
-3,4,1,3,1,0,0,0
-3,4,1,3,2,0,0,0
-3,4,2,0,0,0,0,0
-3,4,2,0,1,0,0,0
-3,4,2,0,2,0,0,0
-3,4,2,1,0,0.21269812886207703,-0.40807877370131634,-0.2081425907809023
-3,4,2,1,1,0.1006290908397126,-0.05731791204995823,-0.05259045998399321
-3,4,2,1,2,0,0,0
-3,4,2,2,0,0,0,0
-3,4,2,2,1,0,0,0
-3,4,2,2,2,0,0,0
-3,4,2,3,0,0,0,0
-3,4,2,3,1,0,0,0
-3,4,2,3,2,0,0,0
-3,4,3,0,0,0,0,0
-3,4,3,0,1,0,0,0
-3,4,3,0,2,0,0,0
-3,4,3,1,0,0,0,0
-3,4,3,1,1,0,0,0
-3,4,3,1,2,0,0,0
-3,4,3,2,0,0.2076218469552029,-0.37773506184897543,-0.24092097845481766
-3,4,3,2,1,0.19114225065921847,-0.13155888884607525,-0.10599500553350877
-3,4,3,2,2,0,0,0
-3,4,3,3,0,0.1602881509614596,-0.18044212258414294,-0.3586355425360831
-3,4,3,3,1,0.014099854150553585,-0.18650586275708397,-0.05982367847008412
-3,4,3,3,2,0,0,0
-3,5,0,0,0,0.1248100290533929,-0.16728863209146438,-0.13422602017754895
-3,5,0,0,1,0,0,0
-3,5,0,0,2,0,0,0
-3,5,0,1,0,0,0,0
-3,5,0,1,1,0,0,0
-3,5,0,1,2,0,0,0
-3,5,0,2,0,0,0,0
-3,5,0,2,1,0,0,0
-3,5,0,2,2,0,0,0
-3,5,0,3,0,0,0,0
-3,5,0,3,1,0,0,0
-3,5,0,3,2,0,0,0
-3,5,1,0,0,0.0201550979562131,-0.11496654466264827,-0.025761638152023456
-3,5,1,0,1,0,0,0
-3,5,1,0,2,0,0,0
-3,5,1,1,0,0,0,0
-3,5,1,1,1,0,0,0
-3,5,1,1,2,0,0,0
-3,5,1,2,0,0,0,0
-3,5,1,2,1,0,0,0
-3,5,1,2,2,0,0,0
-3,5,1,3,0,0,0,0
-3,5,1,3,1,0,0,0
-3,5,1,3,2,0,0,0
-3,5,2,0,0,0,0,0
-3,5,2,0,1,0,0,0
-3,5,2,0,2,0,0,0
-3,5,2,1,0,0.04699025710613919,-0.1532269991849045,-0.07401597902141517
-3,5,2,1,1,0.0019990188302085685,0,-0.000999999
-3,5,2,1,2,0,0,0
-3,5,2,2,0,0,0,0
-3,5,2,2,1,0,0,0
-3,5,2,2,2,0,0,0
-3,5,2,3,0,0,0,0
-3,5,2,3,1,0,0,0
-3,5,2,3,2,0,0,0
-3,5,3,0,0,0,0,0
-3,5,3,0,1,0,0,0
-3,5,3,0,2,0,0,0
-3,5,3,1,0,0,0,0
-3,5,3,1,1,0,0,0
-3,5,3,1,2,0,0,0
-3,5,3,2,0,0.13210967879436564,-0.17124287601956398,-0.07937569133971534
-3,5,3,2,1,0.016865263427706625,-0.0029969652343153335,-0.005984717961157376
-3,5,3,2,2,0,0,0
-3,5,3,3,0,0.1578212480164517,-0.1384529247624757,-0.14997241014614118
-3,5,3,3,1,0.006967572101221611,-0.018786413476790546,-0.01784774083597208
-3,5,3,3,2,0,0,0
-2,0,0,0,0,0.240212661584814,-0.15723427637158402,-0.17294063826441794
-2,0,0,0,1,0.007972083818321539,-0.006978976760596598,-0.005984944820976
-2,0,0,0,2,0,0,0
-2,0,0,1,0,0,0,0
-2,0,0,1,1,0,0,0
-2,0,0,1,2,0,0,0
-2,0,0,2,0,0,0,0
-2,0,0,2,1,0,0,0
-2,0,0,2,2,0,0,0
-2,0,0,3,0,0,0,0
-2,0,0,3,1,0,0,0
-2,0,0,3,2,0,0,0
-2,0,1,0,0,0.2328447452339795,-0.14019018091190605,-0.14334045973879203
-2,0,1,0,1,0.09023875099627567,-0.09248382225369778,-0.07103221164311335
-2,0,1,0,2,0,0,0
-2,0,1,1,0,0,0,0
-2,0,1,1,1,0,0,0
-2,0,1,1,2,0,0,0
-2,0,1,2,0,0,0,0
-2,0,1,2,1,0,0,0
-2,0,1,2,2,0,0,0
-2,0,1,3,0,0,0,0
-2,0,1,3,1,0,0,0
-2,0,1,3,2,0,0,0
-2,0,2,0,0,0,0,0
-2,0,2,0,1,0,0,0
-2,0,2,0,2,0,0,0
-2,0,2,1,0,-0.08140633288187628,-0.019042593885937074,-0.11503959625218757
-2,0,2,1,1,-0.08492943795765273,-0.020762344463337003,-0.060278423587083935
-2,0,2,1,2,0,0,0
-2,0,2,2,0,0,0,0
-2,0,2,2,1,0,0,0
-2,0,2,2,2,0,0,0
-2,0,2,3,0,0,0,0
-2,0,2,3,1,0,0,0
-2,0,2,3,2,0,0,0
-2,0,3,0,0,0,0,0
-2,0,3,0,1,0,0,0
-2,0,3,0,2,0,0,0
-2,0,3,1,0,0,0,0
-2,0,3,1,1,0,0,0
-2,0,3,1,2,0,0,0
-2,0,3,2,0,-0.03826681015285068,-0.035347815339574755,0.0665613809737412
-2,0,3,2,1,-0.15514107182638867,-0.1834106464939022,0.26328964486551
-2,0,3,2,2,0,0,0
-2,0,3,3,0,-0.012922266356132497,-0.0049899841512470455,0.00598503494507093
-2,0,3,3,1,-0.15788839965114318,-0.18008886418768247,0.2333250491313635
-2,0,3,3,2,0,0,0
-2,1,0,0,0,0.48962861561980264,-0.3719132380525593,-0.33507345717392156
-2,1,0,0,1,0.001000001,-0.001,0
-2,1,0,0,2,0,0,0
-2,1,0,1,0,0,0,0
-2,1,0,1,1,0,0,0
-2,1,0,1,2,0,0,0
-2,1,0,2,0,0,0,0
-2,1,0,2,1,0,0,0
-2,1,0,2,2,0,0,0
-2,1,0,3,0,0,0,0
-2,1,0,3,1,0,0,0
-2,1,0,3,2,0,0,0
-2,1,1,0,0,0.46187321458198344,-0.3158752139281412,-0.3290648108422041
-2,1,1,0,1,0.12635072888959242,-0.07414129115257977,-0.07321450462274161
-2,1,1,0,2,0,0,0
-2,1,1,1,0,0,0,0
-2,1,1,1,1,0,0,0
-2,1,1,1,2,0,0,0
-2,1,1,2,0,0,0,0
-2,1,1,2,1,0,0,0
-2,1,1,2,2,0,0,0
-2,1,1,3,0,0,0,0
-2,1,1,3,1,0,0,0
-2,1,1,3,2,0,0,0
-2,1,2,0,0,0,0,0
-2,1,2,0,1,0,0,0
-2,1,2,0,2,0,0,0
-2,1,2,1,0,0.016190698089669053,-0.07079191591636083,-0.5355461866415949
-2,1,2,1,1,-0.09083626718594658,0.04435438801602885,-0.33274647714498296
-2,1,2,1,2,0,0,0
-2,1,2,2,0,0,0,0
-2,1,2,2,1,0,0,0
-2,1,2,2,2,0,0,0
-2,1,2,3,0,0,0,0
-2,1,2,3,1,0,0,0
-2,1,2,3,2,0,0,0
-2,1,3,0,0,0,0,0
-2,1,3,0,1,0,0,0
-2,1,3,0,2,0,0,0
-2,1,3,1,0,0,0,0
-2,1,3,1,1,0,0,0
-2,1,3,1,2,0,0,0
-2,1,3,2,0,-0.23310811423966407,-0.025755237660682575,-0.007818731494066124
-2,1,3,2,1,-0.3856063336325353,-0.2633185184701509,0.3517426311447026
-2,1,3,2,2,0,0,0
-2,1,3,3,0,-0.03826735783685477,-0.04018983565940373,0.04498083630597347
-2,1,3,3,1,-0.36178436237933104,-0.3617830076268704,0.4957229743057424
-2,1,3,3,2,0,0,0
-2,2,0,0,0,0.5410369038483581,-0.40134485101232636,-0.39107450821460304
-2,2,0,0,1,0,0,0
-2,2,0,0,2,0,0,0
-2,2,0,1,0,0,0,0
-2,2,0,1,1,0,0,0
-2,2,0,1,2,0,0,0
-2,2,0,2,0,0,0,0
-2,2,0,2,1,0,0,0
-2,2,0,2,2,0,0,0
-2,2,0,3,0,0,0,0
-2,2,0,3,1,0,0,0
-2,2,0,3,2,0,0,0
-2,2,1,0,0,0.44356912554590805,-0.32553098667256153,-0.3364685909089151
-2,2,1,0,1,0.0334455298510092,-0.020790838023771793,-0.021770165863759013
-2,2,1,0,2,0,0,0
-2,2,1,1,0,0,0,0
-2,2,1,1,1,0,0,0
-2,2,1,1,2,0,0,0
-2,2,1,2,0,0,0,0
-2,2,1,2,1,0,0,0
-2,2,1,2,2,0,0,0
-2,2,1,3,0,0,0,0
-2,2,1,3,1,0,0,0
-2,2,1,3,2,0,0,0
-2,2,2,0,0,0,0,0
-2,2,2,0,1,0,0,0
-2,2,2,0,2,0,0,0
-2,2,2,1,0,0.44290964657585924,-0.37992441699309965,-0.3780715479654017
-2,2,2,1,1,0.2648344176932412,-0.17523804666456272,-0.19995405918124587
-2,2,2,1,2,0,0,0
-2,2,2,2,0,0,0,0
-2,2,2,2,1,0,0,0
-2,2,2,2,2,0,0,0
-2,2,2,3,0,0,0,0
-2,2,2,3,1,0,0,0
-2,2,2,3,2,0,0,0
-2,2,3,0,0,0,0,0
-2,2,3,0,1,0,0,0
-2,2,3,0,2,0,0,0
-2,2,3,1,0,0,0,0
-2,2,3,1,1,0,0,0
-2,2,3,1,2,0,0,0
-2,2,3,2,0,-0.1477734906673677,-0.057683841914678895,-0.30472519500896444
-2,2,3,2,1,-0.2328983240015239,-0.04900515696394237,-0.05810294876308089
-2,2,3,2,2,0,0,0
-2,2,3,3,0,-0.10241387577086833,-0.09278079651314414,0.14985085081629432
-2,2,3,3,1,-0.35148280390395836,-0.3793013479898451,0.5193730648171053
-2,2,3,3,2,0,0,0
-2,3,0,0,0,0.5762486541171736,-0.4045170549671994,-0.40538542196185573
-2,3,0,0,1,0,0,0
-2,3,0,0,2,0,0,0
-2,3,0,1,0,0,0,0
-2,3,0,1,1,0,0,0
-2,3,0,1,2,0,0,0
-2,3,0,2,0,0,0,0
-2,3,0,2,1,0,0,0
-2,3,0,2,2,0,0,0
-2,3,0,3,0,0,0,0
-2,3,0,3,1,0,0,0
-2,3,0,3,2,0,0,0
-2,3,1,0,0,0.4226330698516107,-0.37007496878286,-0.38374060221822176
-2,3,1,0,1,0.0010000307261107792,0,0
-2,3,1,0,2,0,0,0
-2,3,1,1,0,0,0,0
-2,3,1,1,1,0,0,0
-2,3,1,1,2,0,0,0
-2,3,1,2,0,0,0,0
-2,3,1,2,1,0,0,0
-2,3,1,2,2,0,0,0
-2,3,1,3,0,0,0,0
-2,3,1,3,1,0,0,0
-2,3,1,3,2,0,0,0
-2,3,2,0,0,0,0,0
-2,3,2,0,1,0,0,0
-2,3,2,0,2,0,0,0
-2,3,2,1,0,0.3710219088238345,-0.3951553276247814,-0.31711083807711027
-2,3,2,1,1,0.12021069562055575,-0.0897544138848051,-0.07599244623025826
-2,3,2,1,2,0,0,0
-2,3,2,2,0,0,0,0
-2,3,2,2,1,0,0,0
-2,3,2,2,2,0,0,0
-2,3,2,3,0,0,0,0
-2,3,2,3,1,0,0,0
-2,3,2,3,2,0,0,0
-2,3,3,0,0,0,0,0
-2,3,3,0,1,0,0,0
-2,3,3,0,2,0,0,0
-2,3,3,1,0,0,0,0
-2,3,3,1,1,0,0,0
-2,3,3,1,2,0,0,0
-2,3,3,2,0,0.2192723604634594,-0.23448581169407873,-0.4718056409318243
-2,3,3,2,1,0.06992976580326792,-0.05696668957358829,-0.2124238112399527
-2,3,3,2,2,0,0,0
-2,3,3,3,0,-0.2622976057512028,-0.11984935096481197,0.15569180557942747
-2,3,3,3,1,-0.33437866265918176,-0.2099445516951768,0.3282926712114618
-2,3,3,3,2,0,0,0
-2,4,0,0,0,0.5311218850802325,-0.38637357811510453,-0.38638203897609924
-2,4,0,0,1,0,0,0
-2,4,0,0,2,0,0,0
-2,4,0,1,0,0,0,0
-2,4,0,1,1,0,0,0
-2,4,0,1,2,0,0,0
-2,4,0,2,0,0,0,0
-2,4,0,2,1,0,0,0
-2,4,0,2,2,0,0,0
-2,4,0,3,0,0,0,0
-2,4,0,3,1,0,0,0
-2,4,0,3,2,0,0,0
-2,4,1,0,0,0.3536281806471789,-0.31124815311791887,-0.3321271015526583
-2,4,1,0,1,0,0,0
-2,4,1,0,2,0,0,0
-2,4,1,1,0,0,0,0
-2,4,1,1,1,0,0,0
-2,4,1,1,2,0,0,0
-2,4,1,2,0,0,0,0
-2,4,1,2,1,0,0,0
-2,4,1,2,2,0,0,0
-2,4,1,3,0,0,0,0
-2,4,1,3,1,0,0,0
-2,4,1,3,2,0,0,0
-2,4,2,0,0,0,0,0
-2,4,2,0,1,0,0,0
-2,4,2,0,2,0,0,0
-2,4,2,1,0,0.3597981404329949,-0.41367124399323363,-0.30384342876943404
-2,4,2,1,1,0.03247797575133654,-0.021770130771552022,-0.022748454136347986
-2,4,2,1,2,0,0,0
-2,4,2,2,0,0,0,0
-2,4,2,2,1,0,0,0
-2,4,2,2,2,0,0,0
-2,4,2,3,0,0,0,0
-2,4,2,3,1,0,0,0
-2,4,2,3,2,0,0,0
-2,4,3,0,0,0,0,0
-2,4,3,0,1,0,0,0
-2,4,3,0,2,0,0,0
-2,4,3,1,0,0,0,0
-2,4,3,1,1,0,0,0
-2,4,3,1,2,0,0,0
-2,4,3,2,0,0.46868119310737705,-0.38115708006424565,-0.3991119424175568
-2,4,3,2,1,0.0867039204158941,-0.04960045132298803,-0.060144103608301594
-2,4,3,2,2,0,0,0
-2,4,3,3,0,-0.21751454167109535,-0.21847375501038868,-0.022175651673232148
-2,4,3,3,1,-0.16081051564665996,-0.0698383162574329,0.051168379453921886
-2,4,3,3,2,0,0,0
-2,5,0,0,0,0.2587098762613024,-0.15375391514802647,-0.18207274325029282
-2,5,0,0,1,0,0,0
-2,5,0,0,2,0,0,0
-2,5,0,1,0,0,0,0
-2,5,0,1,1,0,0,0
-2,5,0,1,2,0,0,0
-2,5,0,2,0,0,0,0
-2,5,0,2,1,0,0,0
-2,5,0,2,2,0,0,0
-2,5,0,3,0,0,0,0
-2,5,0,3,1,0,0,0
-2,5,0,3,2,0,0,0
-2,5,1,0,0,0.15242756070054775,-0.12528675738922188,-0.11739550882342825
-2,5,1,0,1,0,0,0
-2,5,1,0,2,0,0,0
-2,5,1,1,0,0,0,0
-2,5,1,1,1,0,0,0
-2,5,1,1,2,0,0,0
-2,5,1,2,0,0,0,0
-2,5,1,2,1,0,0,0
-2,5,1,2,2,0,0,0
-2,5,1,3,0,0,0,0
-2,5,1,3,1,0,0,0
-2,5,1,3,2,0,0,0
-2,5,2,0,0,0,0,0
-2,5,2,0,1,0,0,0
-2,5,2,0,2,0,0,0
-2,5,2,1,0,0.16284888792662816,-0.17607737969046988,-0.12093774062535301
-2,5,2,1,1,0,0,0
-2,5,2,1,2,0,0,0
-2,5,2,2,0,0,0,0
-2,5,2,2,1,0,0,0
-2,5,2,2,2,0,0,0
-2,5,2,3,0,0,0,0
-2,5,2,3,1,0,0,0
-2,5,2,3,2,0,0,0
-2,5,3,0,0,0,0,0
-2,5,3,0,1,0,0,0
-2,5,3,0,2,0,0,0
-2,5,3,1,0,0,0,0
-2,5,3,1,1,0,0,0
-2,5,3,1,2,0,0,0
-2,5,3,2,0,0.17603570124810014,-0.14956801955590024,-0.12194746434560602
-2,5,3,2,1,0.004990033822108896,-0.005984927784165326,-0.002996996005996001
-2,5,3,2,2,0,0,0
-2,5,3,3,0,-0.0606662707012933,-0.13527442578981883,-0.05704439359591498
-2,5,3,3,1,-0.004970040640453128,-0.004980962253129567,0.008932398820735233
-2,5,3,3,2,0,0,0
-1,0,0,0,0,0.2245865990889749,-0.16287836196215108,-0.15571160045510574
-1,0,0,0,1,0,0,0
-1,0,0,0,2,0,0,0
-1,0,0,1,0,0,0,0
-1,0,0,1,1,0,0,0
-1,0,0,1,2,0,0,0
-1,0,0,2,0,0,0,0
-1,0,0,2,1,0,0,0
-1,0,0,2,2,0,0,0
-1,0,0,3,0,0,0,0
-1,0,0,3,1,0,0,0
-1,0,0,3,2,0,0,0
-1,0,1,0,0,0.31160061472127537,-0.1999454167647864,-0.20541890595340728
-1,0,1,0,1,0.029412571147561663,-0.01981081143359804,-0.015880369979334674
-1,0,1,0,2,0,0,0
-1,0,1,1,0,0,0,0
-1,0,1,1,1,0,0,0
-1,0,1,1,2,0,0,0
-1,0,1,2,0,0,0,0
-1,0,1,2,1,0,0,0
-1,0,1,2,2,0,0,0
-1,0,1,3,0,0,0,0
-1,0,1,3,1,0,0,0
-1,0,1,3,2,0,0,0
-1,0,2,0,0,0,0,0
-1,0,2,0,1,0,0,0
-1,0,2,0,2,0,0,0
-1,0,2,1,0,-0.14630198241845976,-0.0046704130037237,-0.14222521232765456
-1,0,2,1,1,-0.04732181668626098,-0.030585940377733697,-0.024962959920765995
-1,0,2,1,2,0,0,0
-1,0,2,2,0,0,0,0
-1,0,2,2,1,0,0,0
-1,0,2,2,2,0,0,0
-1,0,2,3,0,0,0,0
-1,0,2,3,1,0,0,0
-1,0,2,3,2,0,0,0
-1,0,3,0,0,0,0,0
-1,0,3,0,1,0,0,0
-1,0,3,0,2,0,0,0
-1,0,3,1,0,0,0,0
-1,0,3,1,1,0,0,0
-1,0,3,1,2,0,0,0
-1,0,3,2,0,-0.10583151984867212,-0.11390671757921267,0.1389628714827797
-1,0,3,2,1,-0.10303677333044896,-0.10331208639792841,0.1398032657613239
-1,0,3,2,2,0,0,0
-1,0,3,3,0,-0.045680975293537096,-0.042054179893673424,0.0830544299824432
-1,0,3,3,1,-0.1499185788075568,-0.1645728348954977,0.18485999469973308
-1,0,3,3,2,0,0,0
-1,1,0,0,0,0.5270330924412139,-0.3553615840651059,-0.3794003331991758
-1,1,0,0,1,0,0,0
-1,1,0,0,2,0,0,0
-1,1,0,1,0,0,0,0
-1,1,0,1,1,0,0,0
-1,1,0,1,2,0,0,0
-1,1,0,2,0,0,0,0
-1,1,0,2,1,0,0,0
-1,1,0,2,2,0,0,0
-1,1,0,3,0,0,0,0
-1,1,0,3,1,0,0,0
-1,1,0,3,2,0,0,0
-1,1,1,0,0,0.5496813295036894,-0.36938503794091426,-0.37814952812819036
-1,1,1,0,1,0.01981131318452706,-0.01882981978955837,-0.014895325010954946
-1,1,1,0,2,0,0,0
-1,1,1,1,0,0,0,0
-1,1,1,1,1,0,0,0
-1,1,1,1,2,0,0,0
-1,1,1,2,0,0,0,0
-1,1,1,2,1,0,0,0
-1,1,1,2,2,0,0,0
-1,1,1,3,0,0,0,0
-1,1,1,3,1,0,0,0
-1,1,1,3,2,0,0,0
-1,1,2,0,0,0,0,0
-1,1,2,0,1,0,0,0
-1,1,2,0,2,0,0,0
-1,1,2,1,0,-0.3130071704152341,0.22067674313116928,-0.6319219544089041
-1,1,2,1,1,-0.16272600842708704,0.06955132617482897,-0.1449247251674078
-1,1,2,1,2,0,0,0
-1,1,2,2,0,0,0,0
-1,1,2,2,1,0,0,0
-1,1,2,2,2,0,0,0
-1,1,2,3,0,0,0,0
-1,1,2,3,1,0,0,0
-1,1,2,3,2,0,0,0
-1,1,3,0,0,0,0,0
-1,1,3,0,1,0,0,0
-1,1,3,0,2,0,0,0
-1,1,3,1,0,0,0,0
-1,1,3,1,1,0,0,0
-1,1,3,1,2,0,0,0
-1,1,3,2,0,-0.29043039343212934,-0.22286471411483186,0.36012177742862567
-1,1,3,2,1,-0.18051033909134923,-0.17098120712322837,0.2577005473453084
-1,1,3,2,2,0,0,0
-1,1,3,3,0,-0.15638990999157368,-0.16812242279179446,0.2267591639921825
-1,1,3,3,1,-0.28544299814651297,-0.3002937473647412,0.41692362071711775
-1,1,3,3,2,0,0,0
-1,2,0,0,0,0.5469749344005301,-0.3959295986759335,-0.36685879963342016
-1,2,0,0,1,0,0,0
-1,2,0,0,2,0,0,0
-1,2,0,1,0,0,0,0
-1,2,0,1,1,0,0,0
-1,2,0,1,2,0,0,0
-1,2,0,2,0,0,0,0
-1,2,0,2,1,0,0,0
-1,2,0,2,2,0,0,0
-1,2,0,3,0,0,0,0
-1,2,0,3,1,0,0,0
-1,2,0,3,2,0,0,0
-1,2,1,0,0,0.5275083332665931,-0.34627160551561836,-0.3706466693664748
-1,2,1,0,1,0,0,0
-1,2,1,0,2,0,0,0
-1,2,1,1,0,0,0,0
-1,2,1,1,1,0,0,0
-1,2,1,1,2,0,0,0
-1,2,1,2,0,0,0,0
-1,2,1,2,1,0,0,0
-1,2,1,2,2,0,0,0
-1,2,1,3,0,0,0,0
-1,2,1,3,1,0,0,0
-1,2,1,3,2,0,0,0
-1,2,2,0,0,0,0,0
-1,2,2,0,1,0,0,0
-1,2,2,0,2,0,0,0
-1,2,2,1,0,0.05466669364043173,-0.138678433984144,-0.6206743588883453
-1,2,2,1,1,-0.05354008585574373,0.04542443056049079,-0.142497011741965
-1,2,2,1,2,0,0,0
-1,2,2,2,0,0,0,0
-1,2,2,2,1,0,0,0
-1,2,2,2,2,0,0,0
-1,2,2,3,0,0,0,0
-1,2,2,3,1,0,0,0
-1,2,2,3,2,0,0,0
-1,2,3,0,0,0,0,0
-1,2,3,0,1,0,0,0
-1,2,3,0,2,0,0,0
-1,2,3,1,0,0,0,0
-1,2,3,1,1,0,0,0
-1,2,3,1,2,0,0,0
-1,2,3,2,0,-0.42472012551772986,-0.10131347254045904,0.025721915622423736
-1,2,3,2,1,-0.11045989561352522,-0.08190476398665171,0.1517525878762978
-1,2,3,2,2,0,0,0
-1,2,3,3,0,-0.21813891147359546,-0.2157903283985648,0.32448447714032713
-1,2,3,3,1,-0.22978085848900962,-0.2313205495022709,0.33588536650298506
-1,2,3,3,2,0,0,0
-1,3,0,0,0,0.6560841789879608,-0.4213239900961455,-0.4615138504279569
-1,3,0,0,1,0,0,0
-1,3,0,0,2,0,0,0
-1,3,0,1,0,0,0,0
-1,3,0,1,1,0,0,0
-1,3,0,1,2,0,0,0
-1,3,0,2,0,0,0,0
-1,3,0,2,1,0,0,0
-1,3,0,2,2,0,0,0
-1,3,0,3,0,0,0,0
-1,3,0,3,1,0,0,0
-1,3,0,3,2,0,0,0
-1,3,1,0,0,0.5699796463302116,-0.3781521593438544,-0.4196120047471666
-1,3,1,0,1,0,0,0
-1,3,1,0,2,0,0,0
-1,3,1,1,0,0,0,0
-1,3,1,1,1,0,0,0
-1,3,1,1,2,0,0,0
-1,3,1,2,0,0,0,0
-1,3,1,2,1,0,0,0
-1,3,1,2,2,0,0,0
-1,3,1,3,0,0,0,0
-1,3,1,3,1,0,0,0
-1,3,1,3,2,0,0,0
-1,3,2,0,0,0,0,0
-1,3,2,0,1,0,0,0
-1,3,2,0,2,0,0,0
-1,3,2,1,0,0.4105601721788826,-0.36833326380594067,-0.5452796808934661
-1,3,2,1,1,-0.010402802000243632,-0.0003766991441767598,-0.07599570675968585
-1,3,2,1,2,0,0,0
-1,3,2,2,0,0,0,0
-1,3,2,2,1,0,0,0
-1,3,2,2,2,0,0,0
-1,3,2,3,0,0,0,0
-1,3,2,3,1,0,0,0
-1,3,2,3,2,0,0,0
-1,3,3,0,0,0,0,0
-1,3,3,0,1,0,0,0
-1,3,3,0,2,0,0,0
-1,3,3,1,0,0,0,0
-1,3,3,1,1,0,0,0
-1,3,3,1,2,0,0,0
-1,3,3,2,0,-0.41540601939060723,-0.11710743392197509,-0.10867553250880257
-1,3,3,2,1,-0.06687135772037206,-0.03253881789042717,-0.0064255331505758935
-1,3,3,2,2,0,0,0
-1,3,3,3,0,-0.3390555705784888,-0.34397252418211116,0.48706068810101955
-1,3,3,3,1,-0.18947049976052524,-0.20313866490797708,0.325836633472443
-1,3,3,3,2,0,0,0
-1,4,0,0,0,0.6854421140702007,-0.4953786277166637,-0.4938588595704587
-1,4,0,0,1,0,0,0
-1,4,0,0,2,0,0,0
-1,4,0,1,0,0,0,0
-1,4,0,1,1,0,0,0
-1,4,0,1,2,0,0,0
-1,4,0,2,0,0,0,0
-1,4,0,2,1,0,0,0
-1,4,0,2,2,0,0,0
-1,4,0,3,0,0,0,0
-1,4,0,3,1,0,0,0
-1,4,0,3,2,0,0,0
-1,4,1,0,0,0.5632680659570034,-0.3588908908208771,-0.39932975111711577
-1,4,1,0,1,0,0,0
-1,4,1,0,2,0,0,0
-1,4,1,1,0,0,0,0
-1,4,1,1,1,0,0,0
-1,4,1,1,2,0,0,0
-1,4,1,2,0,0,0,0
-1,4,1,2,1,0,0,0
-1,4,1,2,2,0,0,0
-1,4,1,3,0,0,0,0
-1,4,1,3,1,0,0,0
-1,4,1,3,2,0,0,0
-1,4,2,0,0,0,0,0
-1,4,2,0,1,0,0,0
-1,4,2,0,2,0,0,0
-1,4,2,1,0,0.5160918119649617,-0.3558155547263087,-0.4952964290622969
-1,4,2,1,1,-0.00397506881087477,0.007869345943306781,-0.010945100893000954
-1,4,2,1,2,0,0,0
-1,4,2,2,0,0,0,0
-1,4,2,2,1,0,0,0
-1,4,2,2,2,0,0,0
-1,4,2,3,0,0,0,0
-1,4,2,3,1,0,0,0
-1,4,2,3,2,0,0,0
-1,4,3,0,0,0,0,0
-1,4,3,0,1,0,0,0
-1,4,3,0,2,0,0,0
-1,4,3,1,0,0,0,0
-1,4,3,1,1,0,0,0
-1,4,3,1,2,0,0,0
-1,4,3,2,0,-0.2031628513485451,-0.16262139424308733,-0.24792642674445736
-1,4,3,2,1,-0.015635837898807715,-0.017795174144256732,-0.01933734000854122
-1,4,3,2,2,0,0,0
-1,4,3,3,0,-0.4495756371276634,-0.37920286488608296,0.5084727637562518
-1,4,3,3,1,-0.10331043331362078,-0.09793233455981645,0.1614742862616179
-1,4,3,3,2,0,0,0
-1,5,0,0,0,0.345135807117883,-0.21969513486496817,-0.23361871989828384
-1,5,0,0,1,0,0,0
-1,5,0,0,2,0,0,0
-1,5,0,1,0,0,0,0
-1,5,0,1,1,0,0,0
-1,5,0,1,2,0,0,0
-1,5,0,2,0,0,0,0
-1,5,0,2,1,0,0,0
-1,5,0,2,2,0,0,0
-1,5,0,3,0,0,0,0
-1,5,0,3,1,0,0,0
-1,5,0,3,2,0,0,0
-1,5,1,0,0,0.2326273284164652,-0.13846179902766537,-0.16043274593942014
-1,5,1,0,1,0,0,0
-1,5,1,0,2,0,0,0
-1,5,1,1,0,0,0,0
-1,5,1,1,1,0,0,0
-1,5,1,1,2,0,0,0
-1,5,1,2,0,0,0,0
-1,5,1,2,1,0,0,0
-1,5,1,2,2,0,0,0
-1,5,1,3,0,0,0,0
-1,5,1,3,1,0,0,0
-1,5,1,3,2,0,0,0
-1,5,2,0,0,0,0,0
-1,5,2,0,1,0,0,0
-1,5,2,0,2,0,0,0
-1,5,2,1,0,0.22009198646526715,-0.1461105369041253,-0.17699251458816798
-1,5,2,1,1,-0.0009999970576841776,0,0
-1,5,2,1,2,0,0,0
-1,5,2,2,0,0,0,0
-1,5,2,2,1,0,0,0
-1,5,2,2,2,0,0,0
-1,5,2,3,0,0,0,0
-1,5,2,3,1,0,0,0
-1,5,2,3,2,0,0,0
-1,5,3,0,0,0,0,0
-1,5,3,0,1,0,0,0
-1,5,3,0,2,0,0,0
-1,5,3,1,0,0,0,0
-1,5,3,1,1,0,0,0
-1,5,3,1,2,0,0,0
-1,5,3,2,0,-0.0007396289842407228,-0.08319304356215806,-0.10293958399574227
-1,5,3,2,1,0,0,0
-1,5,3,2,2,0,0,0
-1,5,3,3,0,-0.2007484675427361,-0.17179404755554312,0.2620661538611163
-1,5,3,3,1,-0.008963844976714028,-0.0029979800632820713,0.007972498156050936
-1,5,3,3,2,0,0,0
0,0,0,0,0,0.21312972373728464,-0.14218222986088241,-0.1413739642693014
0,0,0,0,1,0.049578165269713634,-0.03150810357781509,-0.02858219233684889
0,0,0,0,2,0,0,0
0,0,0,1,0,0,0,0
0,0,0,1,1,0,0,0
0,0,0,1,2,0,0,0
0,0,0,2,0,0,0,0
0,0,0,2,1,0,0,0
0,0,0,2,2,0,0,0
0,0,0,3,0,0,0,0
0,0,0,3,1,0,0,0
0,0,0,3,2,0,0,0
0,0,1,0,0,0.3167886857144473,-0.23286014883530912,-0.2183286594028506
0,0,1,0,1,0.016809757704880492,-0.011934113648333708,-0.010938066417833358
0,0,1,0,2,0,0,0
0,0,1,1,0,0,0,0
0,0,1,1,1,0,0,0
0,0,1,1,2,0,0,0
0,0,1,2,0,0,0,0
0,0,1,2,1,0,0,0
0,0,1,2,2,0,0,0
0,0,1,3,0,0,0,0
0,0,1,3,1,0,0,0
0,0,1,3,2,0,0,0
0,0,2,0,0,0,0,0
0,0,2,0,1,0,0,0
0,0,2,0,2,0,0,0
0,0,2,1,0,-0.14113085331286296,-0.10872850478893417,-0.12149857662867376
0,0,2,1,1,0.001982308093615536,-0.009950809825872738,-0.004035360554609836
0,0,2,1,2,0,0,0
0,0,2,2,0,0,0,0
0,0,2,2,1,0,0,0
0,0,2,2,2,0,0,0
0,0,2,3,0,0,0,0
0,0,2,3,1,0,0,0
0,0,2,3,2,0,0,0
0,0,3,0,0,0,0,0
0,0,3,0,1,0,0,0
0,0,3,0,2,0,0,0
0,0,3,1,0,0,0,0
0,0,3,1,1,0,0,0
0,0,3,1,2,0,0,0
0,0,3,2,0,-0.21363955500325774,-0.2041006854098905,0.28759348843106214
0,0,3,2,1,-0.0019989950099800254,-0.001998992015973031,0.009955218671369422
0,0,3,2,2,0,0,0
0,0,3,3,0,-0.14950316129405575,-0.1620395585638545,0.22679434525696254
0,0,3,3,1,-0.009940122462431113,-0.013909266880845315,0.013880639718365263
0,0,3,3,2,0,0,0
0,1,0,0,0,0.46019147017294415,-0.33640827026961034,-0.3383999054686879
0,1,0,0,1,0.08428287735017309,-0.051643255936612474,-0.050693570676784504
0,1,0,0,2,0,0,0
0,1,0,1,0,0,0,0
0,1,0,1,1,0,0,0
0,1,0,1,2,0,0,0
0,1,0,2,0,0,0,0
0,1,0,2,1,0,0,0
0,1,0,2,2,0,0,0
0,1,0,3,0,0,0,0
0,1,0,3,1,0,0,0
0,1,0,3,2,0,0,0
0,1,1,0,0,0.6291913458213753,-0.42075021061756185,-0.4429065534329744
0,1,1,0,1,0.06577267135241664,-0.04018933339922123,-0.04114955374089063
0,1,1,0,2,0,0,0
0,1,1,1,0,0,0,0
0,1,1,1,1,0,0,0
0,1,1,1,2,0,0,0
0,1,1,2,0,0,0,0
0,1,1,2,1,0,0,0
0,1,1,2,2,0,0,0
0,1,1,3,0,0,0,0
0,1,1,3,1,0,0,0
0,1,1,3,2,0,0,0
0,1,2,0,0,0,0,0
0,1,2,0,1,0,0,0
0,1,2,0,2,0,0,0
0,1,2,1,0,-0.4193390933246492,-0.07810598982713496,-0.3253216518118605
0,1,2,1,1,-0.010276221993443989,-0.02661668703582693,-0.008849246593573497
0,1,2,1,2,0,0,0
0,1,2,2,0,0,0,0
0,1,2,2,1,0,0,0
0,1,2,2,2,0,0,0
0,1,2,3,0,0,0,0
0,1,2,3,1,0,0,0
0,1,2,3,2,0,0,0
0,1,3,0,0,0,0,0
0,1,3,0,1,0,0,0
0,1,3,0,2,0,0,0
0,1,3,1,0,0,0,0
0,1,3,1,1,0,0,0
0,1,3,1,2,0,0,0
0,1,3,2,0,-0.4055138488375301,-0.38863235699028087,0.5536877997436973
0,1,3,2,1,-0.00797200829530938,-0.005984978246888673,0.014895557732531936
0,1,3,2,2,0,0,0
0,1,3,3,0,-0.3189211029812142,-0.37254702647468557,0.4886073822326597
0,1,3,3,1,-0.024701904401131212,-0.023725743769125535,0.03730602066959123
0,1,3,3,2,0,0,0
0,2,0,0,0,0.5331528343435866,-0.4084853568353893,-0.3916829986578401
0,2,0,0,1,0.07414854511409785,-0.04210775097355501,-0.036340369336131294
0,2,0,0,2,0,0,0
0,2,0,1,0,0,0,0
0,2,0,1,1,0,0,0
0,2,0,1,2,0,0,0
0,2,0,2,0,0,0,0
0,2,0,2,1,0,0,0
0,2,0,2,2,0,0,0
0,2,0,3,0,0,0,0
0,2,0,3,1,0,0,0
0,2,0,3,2,0,0,0
0,2,1,0,0,0.49496036107155045,-0.33971148676445495,-0.3324041700762714
0,2,1,0,1,0.07876887709426358,-0.04306574870654049,-0.03441037592334692
0,2,1,0,2,0,0,0
0,2,1,1,0,0,0,0
0,2,1,1,1,0,0,0
0,2,1,1,2,0,0,0
0,2,1,2,0,0,0,0
0,2,1,2,1,0,0,0
0,2,1,2,2,0,0,0
0,2,1,3,0,0,0,0
0,2,1,3,1,0,0,0
0,2,1,3,2,0,0,0
0,2,2,0,0,0,0,0
0,2,2,0,1,0,0,0
0,2,2,0,2,0,0,0
0,2,2,1,0,-0.3823650537455545,-0.15049495994712186,-0.3611798712181122
0,2,2,1,1,-0.02465164149063883,-0.019775506758061792,0.016635133602060447
0,2,2,1,2,0,0,0
0,2,2,2,0,0,0,0
0,2,2,2,1,0,0,0
0,2,2,2,2,0,0,0
0,2,2,3,0,0,0,0
0,2,2,3,1,0,0,0
0,2,2,3,2,0,0,0
0,2,3,0,0,0,0,0
0,2,3,0,1,0,0,0
0,2,3,0,2,0,0,0
0,2,3,1,0,0,0,0
0,2,3,1,1,0,0,0
0,2,3,1,2,0,0,0
0,2,3,2,0,-0.38924910376786004,-0.36346485219605507,0.5529425572737403
0,2,3,2,1,-0.013909250086797553,-0.01588043143317247,0.019811323881910377
0,2,3,2,2,0,0,0
0,2,3,3,0,-0.3521399222676292,-0.3250191760084471,0.4967379572372806
0,2,3,3,1,-0.023725643071476912,-0.01981087134703905,0.03634234437744542
0,2,3,3,2,0,0,0
0,3,0,0,0,0.6325660278074935,-0.46581232082039803,-0.47165658109157704
0,3,0,0,1,0.06296499543766038,-0.04210776423526887,-0.03634070556371206
0,3,0,0,2,0,0,0
0,3,0,1,0,0,0,0
0,3,0,1,1,0,0,0
0,3,0,1,2,0,0,0
0,3,0,2,0,0,0,0
0,3,0,2,1,0,0,0
0,3,0,2,2,0,0,0
0,3,0,3,0,0,0,0
0,3,0,3,1,0,0,0
0,3,0,3,2,0,0,0
0,3,1,0,0,0.5367502199612535,-0.3753939306090765,-0.3849565387815052
0,3,1,0,1,0.03247793253138355,-0.018829521144694716,-0.021770241415890623
0,3,1,0,2,0,0,0
0,3,1,1,0,0,0,0
0,3,1,1,1,0,0,0
0,3,1,1,2,0,0,0
0,3,1,2,0,0,0,0
0,3,1,2,1,0,0,0
0,3,1,2,2,0,0,0
0,3,1,3,0,0,0,0
0,3,1,3,1,0,0,0
0,3,1,3,2,0,0,0
0,3,2,0,0,0,0,0
0,3,2,0,1,0,0,0
0,3,2,0,2,0,0,0
0,3,2,1,0,-0.4141765774398535,-0.12972526217043553,-0.3062900072479217
0,3,2,1,1,-0.014895381177207135,-0.002972102134599296,-0.0011930861131801771
0,3,2,1,2,0,0,0
0,3,2,2,0,0,0,0
0,3,2,2,1,0,0,0
0,3,2,2,2,0,0,0
0,3,2,3,0,0,0,0
0,3,2,3,1,0,0,0
0,3,2,3,2,0,0,0
0,3,3,0,0,0,0,0
0,3,3,0,1,0,0,0
0,3,3,0,2,0,0,0
0,3,3,1,0,0,0,0
0,3,3,1,1,0,0,0
0,3,3,1,2,0,0,0
0,3,3,2,0,-0.39168707096792915,-0.3681986988283576,0.5377551841727183
0,3,3,2,1,-0.005984990115627066,-0.006979015036840354,0.0069790588742455655
0,3,3,2,2,0,0,0
0,3,3,3,0,-0.3953092945143997,-0.41552732177313534,0.593432166748362
0,3,3,3,1,-0.027624757076495258,-0.027624613335571886,0.04689016509514605
0,3,3,3,2,0,0,0
0,4,0,0,0,0.6536643377924266,-0.4893063280509993,-0.4742864788216763
0,4,0,0,1,0.0266522507810829,-0.01489529941353435,-0.014895320117469106
0,4,0,0,2,0,0,0
0,4,0,1,0,0,0,0
0,4,0,1,1,0,0,0
0,4,0,1,2,0,0,0
0,4,0,2,0,0,0,0
0,4,0,2,1,0,0,0
0,4,0,2,2,0,0,0
0,4,0,3,0,0,0,0
0,4,0,3,1,0,0,0
0,4,0,3,2,0,0,0
0,4,1,0,0,0.5288515347354061,-0.37180100258250703,-0.4196070876925495
0,4,1,0,1,0.008964132526034611,-0.004989987088744527,-0.0049899960339231135
0,4,1,0,2,0,0,0
0,4,1,1,0,0,0,0
0,4,1,1,1,0,0,0
0,4,1,1,2,0,0,0
0,4,1,2,0,0,0,0
0,4,1,2,1,0,0,0
0,4,1,2,2,0,0,0
0,4,1,3,0,0,0,0
0,4,1,3,1,0,0,0
0,4,1,3,2,0,0,0
0,4,2,0,0,0,0,0
0,4,2,0,1,0,0,0
0,4,2,0,2,0,0,0
0,4,2,1,0,-0.37182125345789985,-0.11427291366983929,-0.2632258336382352
0,4,2,1,1,-0.00199899002495007,-0.006979021015923122,0.0019780867507189197
0,4,2,1,2,0,0,0
0,4,2,2,0,0,0,0
0,4,2,2,1,0,0,0
0,4,2,2,2,0,0,0
0,4,2,3,0,0,0,0
0,4,2,3,1,0,0,0
0,4,2,3,2,0,0,0
0,4,3,0,0,0,0,0
0,4,3,0,1,0,0,0
0,4,3,0,2,0,0,0
0,4,3,1,0,0,0,0
0,4,3,1,1,0,0,0
0,4,3,1,2,0,0,0
0,4,3,2,0,-0.38188277914870805,-0.35735996974753703,0.5142257348910007
0,4,3,2,1,-0.007972021093586941,-0.003993980106656825,0.010945214376469128
0,4,3,2,2,0,0,0
0,4,3,3,0,-0.44512585411214306,-0.4242135692134582,0.6209729700165433
0,4,3,3,1,-0.021770302849723304,-0.011934081977347995,0.02177075474293728
0,4,3,3,2,0,0,0
0,5,0,0,0,0.34840475278227834,-0.19270266030059185,-0.19753400513688957
0,5,0,0,1,0.0019990010000000002,-0.001,-0.004990006997997002
0,5,0,0,2,0,0,0
0,5,0,1,0,0,0,0
0,5,0,1,1,0,0,0
0,5,0,1,2,0,0,0
0,5,0,2,0,0,0,0
0,5,0,2,1,0,0,0
0,5,0,2,2,0,0,0
0,5,0,3,0,0,0,0
0,5,0,3,1,0,0,0
0,5,0,3,2,0,0,0
0,5,1,0,0,0.257081163884196,-0.1361416710934948,-0.16894876734772776
0,5,1,0,1,0,0,0
0,5,1,0,2,0,0,0
0,5,1,1,0,0,0,0
0,5,1,1,1,0,0,0
0,5,1,1,2,0,0,0
0,5,1,2,0,0,0,0
0,5,1,2,1,0,0,0
0,5,1,2,2,0,0,0
0,5,1,3,0,0,0,0
0,5,1,3,1,0,0,0
0,5,1,3,2,0,0,0
0,5,2,0,0,0,0,0
0,5,2,0,1,0,0,0
0,5,2,0,2,0,0,0
0,5,2,1,0,-0.13054029626322391,-0.012305096555741324,-0.10362752725146461
0,5,2,1,1,0,0,0
0,5,2,1,2,0,0,0
0,5,2,2,0,0,0,0
0,5,2,2,1,0,0,0
0,5,2,2,2,0,0,0
0,5,2,3,0,0,0,0
0,5,2,3,1,0,0,0
0,5,2,3,2,0,0,0
0,5,3,0,0,0,0,0
0,5,3,0,1,0,0,0
0,5,3,0,2,0,0,0
0,5,3,1,0,0,0,0
0,5,3,1,1,0,0,0
0,5,3,1,2,0,0,0
0,5,3,2,0,-0.1614347029732982,-0.14587861873753835,0.2144942028961049
0,5,3,2,1,0,0,0
0,5,3,2,2,0,0,0
0,5,3,3,0,-0.17391711690756495,-0.1845919617374919,0.30110875057181785
0,5,3,3,1,-0.001999,-0.002997001,0.0010000089641117344
0,5,3,3,2,0,0,0
1,0,0,0,0,0.045905860357067535,-0.029568500227273743,-0.03247676537530159
1,0,0,0,1,0.20234769313336398,-0.15807686116025238,-0.12113104702266118
1,0,0,0,2,0,0,0
1,0,0,1,0,0,0,0
1,0,0,1,1,0,0,0
1,0,0,1,2,0,0,0
1,0,0,2,0,0,0,0
1,0,0,2,1,0,0,0
1,0,0,2,2,0,0,0
1,0,0,3,0,0,0,0
1,0,0,3,1,0,0,0
1,0,0,3,2,0,0,0
1,0,1,0,0,0.18999698312375707,-0.1426168044508191,-0.1309440718864835
1,0,1,0,1,0.1599744470233848,-0.09157148051875783,-0.077287789331947
1,0,1,0,2,0,0,0
1,0,1,1,0,0,0,0
1,0,1,1,1,0,0,0
1,0,1,1,2,0,0,0
1,0,1,2,0,0,0,0
1,0,1,2,1,0,0,0
1,0,1,2,2,0,0,0
1,0,1,3,0,0,0,0
1,0,1,3,1,0,0,0
1,0,1,3,2,0,0,0
1,0,2,0,0,0,0,0
1,0,2,0,1,0,0,0
1,0,2,0,2,0,0,0
1,0,2,1,0,-0.13627590917350865,-0.0524101030818157,-0.11391935968447868
1,0,2,1,1,-0.010540325890477745,-0.01679660734212857,-0.07000163202831369
1,0,2,1,2,0,0,0
1,0,2,2,0,0,0,0
1,0,2,2,1,0,0,0
1,0,2,2,2,0,0,0
1,0,2,3,0,0,0,0
1,0,2,3,1,0,0,0
1,0,2,3,2,0,0,0
1,0,3,0,0,0,0,0
1,0,3,0,1,0,0,0
1,0,3,0,2,0,0,0
1,0,3,1,0,0,0,0
1,0,3,1,1,0,0,0
1,0,3,1,2,0,0,0
1,0,3,2,0,-0.2034928710196348,-0.24730047877285172,0.3293168069190291
1,0,3,2,1,-0.005984964919165341,-0.007972001267779565,0.013884724252024687
1,0,3,2,2,0,0,0
1,0,3,3,0,-0.14648499189960376,-0.1402058796258262,0.179235597913707
1,0,3,3,1,0,0,0
1,0,3,3,2,0,0,0
1,1,0,0,0,0.2047863489528588,-0.13502951680715722,-0.11400964441801875
1,1,0,0,1,0.37958682843005886,-0.263676870595096,-0.2525458143481339
1,1,0,0,2,0,0,0
1,1,0,1,0,0,0,0
1,1,0,1,1,0,0,0
1,1,0,1,2,0,0,0
1,1,0,2,0,0,0,0
1,1,0,2,1,0,0,0
1,1,0,2,2,0,0,0
1,1,0,3,0,0,0,0
1,1,0,3,1,0,0,0
1,1,0,3,2,0,0,0
1,1,1,0,0,0.4210523667894689,-0.30658547720836143,-0.38498087419751326
1,1,1,0,1,0.2785072410083722,-0.18362116299260903,-0.1845963865133623
1,1,1,0,2,0,0,0
1,1,1,1,0,0,0,0
1,1,1,1,1,0,0,0
1,1,1,1,2,0,0,0
1,1,1,2,0,0,0,0
1,1,1,2,1,0,0,0
1,1,1,2,2,0,0,0
1,1,1,3,0,0,0,0
1,1,1,3,1,0,0,0
1,1,1,3,2,0,0,0
1,1,2,0,0,0,0,0
1,1,2,0,1,0,0,0
1,1,2,0,2,0,0,0
1,1,2,1,0,-0.6452482903627693,0.2866528642377248,-0.31535593105914117
1,1,2,1,1,-0.14183939285531233,0.09715477553855179,-0.23432243116981122
1,1,2,1,2,0,0,0
1,1,2,2,0,0,0,0
1,1,2,2,1,0,0,0
1,1,2,2,2,0,0,0
1,1,2,3,0,0,0,0
1,1,2,3,1,0,0,0
1,1,2,3,2,0,0,0
1,1,3,0,0,0,0,0
1,1,3,0,1,0,0,0
1,1,3,0,2,0,0,0
1,1,3,1,0,0,0,0
1,1,3,1,1,0,0,0
1,1,3,1,2,0,0,0
1,1,3,2,0,-0.4429172617674355,-0.424227571726577,0.5868509293566092
1,1,3,2,1,-0.005984982190262068,-0.008964009426649192,0.015880655258311477
1,1,3,2,2,0,0,0
1,1,3,3,0,-0.3009919216503583,-0.3072541302064721,0.4221569185670491
1,1,3,3,1,0,0,0
1,1,3,3,2,0,0,0
1,2,0,0,0,0.3470873970893153,-0.23973328547666675,-0.22591686009768638
1,2,0,0,1,0.33588435014939866,-0.2023364180245902,-0.2150024224192032
1,2,0,0,2,0,0,0
1,2,0,1,0,0,0,0
1,2,0,1,1,0,0,0
1,2,0,1,2,0,0,0
1,2,0,2,0,0,0,0
1,2,0,2,1,0,0,0
1,2,0,2,2,0,0,0
1,2,0,3,0,0,0,0
1,2,0,3,1,0,0,0
1,2,0,3,2,0,0,0
1,2,1,0,0,0.07356079914046808,-0.09184710932717055,-0.4494871481019273
1,2,1,0,1,0.13097880115025476,-0.09223845097346672,-0.1714535766280683
1,2,1,0,2,0,0,0
1,2,1,1,0,0,0,0
1,2,1,1,1,0,0,0
1,2,1,1,2,0,0,0
1,2,1,2,0,0,0,0
1,2,1,2,1,0,0,0
1,2,1,2,2,0,0,0
1,2,1,3,0,0,0,0
1,2,1,3,1,0,0,0
1,2,1,3,2,0,0,0
1,2,2,0,0,0,0,0
1,2,2,0,1,0,0,0
1,2,2,0,2,0,0,0
1,2,2,1,0,-0.6285138625463461,-0.146756727187169,0.023880401358542126
1,2,2,1,1,-0.11720964592598108,0.12079488279679904,-0.09943603178815305
1,2,2,1,2,0,0,0
1,2,2,2,0,0,0,0
1,2,2,2,1,0,0,0
1,2,2,2,2,0,0,0
1,2,2,3,0,0,0,0
1,2,2,3,1,0,0,0
1,2,2,3,2,0,0,0
1,2,3,0,0,0,0,0
1,2,3,0,1,0,0,0
1,2,3,0,2,0,0,0
1,2,3,1,0,0,0,0
1,2,3,1,1,0,0,0
1,2,3,1,2,0,0,0
1,2,3,2,0,-0.37627240753002056,-0.37628030962193265,0.573824116873031
1,2,3,2,1,-0.001,-0.002997001,0.001
1,2,3,2,2,0,0,0
1,2,3,3,0,-0.37940057893681767,-0.36559046963079234,0.5350199403045116
1,2,3,3,1,0,0,0
1,2,3,3,2,0,0,0
1,3,0,0,0,0.5436312436740084,-0.35213246999917475,-0.37815468080949594
1,3,0,0,1,0.2905293038910936,-0.16728154419418437,-0.18132579040578872
1,3,0,0,2,0,0,0
1,3,0,1,0,0,0,0
1,3,0,1,1,0,0,0
1,3,0,1,2,0,0,0
1,3,0,2,0,0,0,0
1,3,0,2,1,0,0,0
1,3,0,2,2,0,0,0
1,3,0,3,0,0,0,0
1,3,0,3,1,0,0,0
1,3,0,3,2,0,0,0
1,3,1,0,0,-0.15100831545563145,-0.05640826531960174,-0.36812118468863625
1,3,1,0,1,-0.008227793620963443,-0.019758588120147746,-0.12196054314666949
1,3,1,0,2,0,0,0
1,3,1,1,0,0,0,0
1,3,1,1,1,0,0,0
1,3,1,1,2,0,0,0
1,3,1,2,0,0,0,0
1,3,1,2,1,0,0,0
1,3,1,2,2,0,0,0
1,3,1,3,0,0,0,0
1,3,1,3,1,0,0,0
1,3,1,3,2,0,0,0
1,3,2,0,0,0,0,0
1,3,2,0,1,0,0,0
1,3,2,0,2,0,0,0
1,3,2,1,0,-0.5833926427821141,-0.42374121039788387,0.4330576798795517
1,3,2,1,1,-0.03441094005164386,-0.015568090043138931,0.025050692833417657
1,3,2,1,2,0,0,0
1,3,2,2,0,0,0,0
1,3,2,2,1,0,0,0
1,3,2,2,2,0,0,0
1,3,2,3,0,0,0,0
1,3,2,3,1,0,0,0
1,3,2,3,2,0,0,0
1,3,3,0,0,0,0,0
1,3,3,0,1,0,0,0
1,3,3,0,2,0,0,0
1,3,3,1,0,0,0,0
1,3,3,1,1,0,0,0
1,3,3,1,2,0,0,0
1,3,3,2,0,-0.4072879393956242,-0.3843876947934881,0.5676634141517368
1,3,3,2,1,0,0,0
1,3,3,2,2,0,0,0
1,3,3,3,0,-0.4615196670109363,-0.4445698604339526,0.6209699765002592
1,3,3,3,1,0,0,0
1,3,3,3,2,0,0,0
1,4,0,0,0,0.5902706225611061,-0.42392979399447533,-0.45229689659616334
1,4,0,0,1,0.13331791867003973,-0.089754770398505,-0.09248203451922737
1,4,0,0,2,0,0,0
1,4,0,1,0,0,0,0
1,4,0,1,1,0,0,0
1,4,0,1,2,0,0,0
1,4,0,2,0,0,0,0
1,4,0,2,1,0,0,0
1,4,0,2,2,0,0,0
1,4,0,3,0,0,0,0
1,4,0,3,1,0,0,0
1,4,0,3,2,0,0,0
1,4,1,0,0,-0.3080128565869243,-0.058581008078313755,-0.17297644178918686
1,4,1,0,1,-0.022805995377658494,-0.02348027496105151,-0.023013967018326465
1,4,1,0,2,0,0,0
1,4,1,1,0,0,0,0
1,4,1,1,1,0,0,0
1,4,1,1,2,0,0,0
1,4,1,2,0,0,0,0
1,4,1,2,1,0,0,0
1,4,1,2,2,0,0,0
1,4,1,3,0,0,0,0
1,4,1,3,1,0,0,0
1,4,1,3,2,0,0,0
1,4,2,0,0,0,0,0
1,4,2,0,1,0,0,0
1,4,2,0,2,0,0,0
1,4,2,1,0,-0.5001871598425587,-0.4539126740927421,0.5341457399821502
1,4,2,1,1,-0.013909284808585741,-0.010945078389920197,0.016864785789638813
1,4,2,1,2,0,0,0
1,4,2,2,0,0,0,0
1,4,2,2,1,0,0,0
1,4,2,2,2,0,0,0
1,4,2,3,0,0,0,0
1,4,2,3,1,0,0,0
1,4,2,3,2,0,0,0
1,4,3,0,0,0,0,0
1,4,3,0,1,0,0,0
1,4,3,0,2,0,0,0
1,4,3,1,0,0,0,0
1,4,3,1,1,0,0,0
1,4,3,1,2,0,0,0
1,4,3,2,0,-0.3725775082090616,-0.3474070515764175,0.4798523852326993
1,4,3,2,1,0,0,0
1,4,3,2,2,0,0,0
1,4,3,3,0,-0.494887310866647,-0.4979074570532621,0.6642578430552316
1,4,3,3,1,0,0,0
1,4,3,3,2,0,0,0
1,5,0,0,0,0.26308021477866045,-0.19778174827410774,-0.2127605999647917
1,5,0,0,1,0.011934391422168355,-0.005984910664538514,-0.005985002039907114
1,5,0,0,2,0,0,0
1,5,0,1,0,0,0,0
1,5,0,1,1,0,0,0
1,5,0,1,2,0,0,0
1,5,0,2,0,0,0,0
1,5,0,2,1,0,0,0
1,5,0,2,2,0,0,0
1,5,0,3,0,0,0,0
1,5,0,3,1,0,0,0
1,5,0,3,2,0,0,0
1,5,1,0,0,-0.13594702165423475,-0.05264605995768326,0.031975361095902544
1,5,1,0,1,0.000999999002998997,-0.001998996094433724,0.0019940048951849294
1,5,1,0,2,0,0,0
1,5,1,1,0,0,0,0
1,5,1,1,1,0,0,0
1,5,1,1,2,0,0,0
1,5,1,2,0,0,0,0
1,5,1,2,1,0,0,0
1,5,1,2,2,0,0,0
1,5,1,3,0,0,0,0
1,5,1,3,1,0,0,0
1,5,1,3,2,0,0,0
1,5,2,0,0,0,0,0
1,5,2,0,1,0,0,0
1,5,2,0,2,0,0,0
1,5,2,1,0,-0.1953423863935845,-0.18493263912390984,0.27147106300892143
1,5,2,1,1,0,0,0
1,5,2,1,2,0,0,0
1,5,2,2,0,0,0,0
1,5,2,2,1,0,0,0
1,5,2,2,2,0,0,0
1,5,2,3,0,0,0,0
1,5,2,3,1,0,0,0
1,5,2,3,2,0,0,0
1,5,3,0,0,0,0,0
1,5,3,0,1,0,0,0
1,5,3,0,2,0,0,0
1,5,3,1,0,0,0,0
1,5,3,1,1,0,0,0
1,5,3,1,2,0,0,0
1,5,3,2,0,-0.17397680589183326,-0.15535870018787995,0.19320407841988535
1,5,3,2,1,0,0,0
1,5,3,2,2,0,0,0
1,5,3,3,0,-0.2071089409106045,-0.21106344509201497,0.32718774219119734
1,5,3,3,1,0,0,0
1,5,3,3,2,0,0,0
2,0,0,0,0,0.001999,-0.001,-0.001999
2,0,0,0,1,0.18403529874995594,-0.14791250797939112,-0.13855411467934672
2,0,0,0,2,0,0,0
2,0,0,1,0,0,0,0
2,0,0,1,1,0,0,0
2,0,0,1,2,0,0,0
2,0,0,2,0,0,0,0
2,0,0,2,1,0,0,0
2,0,0,2,2,0,0,0
2,0,0,3,0,0,0,0
2,0,0,3,1,0,0,0
2,0,0,3,2,0,0,0
2,0,1,0,0,0.06354791327187723,-0.03537584634778425,-0.044022477062206564
2,0,1,0,1,0.22469424255372314,-0.14532422281603313,-0.14755918464960766
2,0,1,0,2,0,0,0
2,0,1,1,0,0,0,0
2,0,1,1,1,0,0,0
2,0,1,1,2,0,0,0
2,0,1,2,0,0,0,0
2,0,1,2,1,0,0,0
2,0,1,2,2,0,0,0
2,0,1,3,0,0,0,0
2,0,1,3,1,0,0,0
2,0,1,3,2,0,0,0
2,0,2,0,0,0,0,0
2,0,2,0,1,0,0,0
2,0,2,0,2,0,0,0
2,0,2,1,0,-0.12620221899839662,0.0024756126121092082,-0.08823050386656939
2,0,2,1,1,-0.06351390480758012,-0.052011785885088264,-0.0873971988349567
2,0,2,1,2,0,0,0
2,0,2,2,0,0,0,0
2,0,2,2,1,0,0,0
2,0,2,2,2,0,0,0
2,0,2,3,0,0,0,0
2,0,2,3,1,0,0,0
2,0,2,3,2,0,0,0
2,0,3,0,0,0,0,0
2,0,3,0,1,0,0,0
2,0,3,0,2,0,0,0
2,0,3,1,0,0,0,0
2,0,3,1,1,0,0,0
2,0,3,1,2,0,0,0
2,0,3,2,0,-0.1617880106646252,-0.15366204784327558,0.24016095428052986
2,0,3,2,1,-0.0829742164431522,-0.08942320336019736,0.12124806630954503
2,0,3,2,2,0,0,0
2,0,3,3,0,-0.14480442368818874,-0.12526016354697062,0.23212767464270442
2,0,3,3,1,-0.003993991033931101,-0.002996996021898451,0.006979055895160804
2,0,3,3,2,0,0,0
2,1,0,0,0,0.054488547948755475,-0.03730454624709908,-0.02859698304779297
2,1,0,0,1,0.4256165864064915,-0.26293394339650944,-0.2782544124915528
2,1,0,0,2,0,0,0
2,1,0,1,0,0,0,0
2,1,0,1,1,0,0,0
2,1,0,1,2,0,0,0
2,1,0,2,0,0,0,0
2,1,0,2,1,0,0,0
2,1,0,2,2,0,0,0
2,1,0,3,0,0,0,0
2,1,0,3,1,0,0,0
2,1,0,3,2,0,0,0
2,1,1,0,0,0.014334484864191402,-0.07328934090120677,-0.22036434280133765
2,1,1,0,1,0.3753149020817268,-0.28765422142066954,-0.3656152171024375
2,1,1,0,2,0,0,0
2,1,1,1,0,0,0,0
2,1,1,1,1,0,0,0
2,1,1,1,2,0,0,0
2,1,1,2,0,0,0,0
2,1,1,2,1,0,0,0
2,1,1,2,2,0,0,0
2,1,1,3,0,0,0,0
2,1,1,3,1,0,0,0
2,1,1,3,2,0,0,0
2,1,2,0,0,0,0,0
2,1,2,0,1,0,0,0
2,1,2,0,2,0,0,0
2,1,2,1,0,-0.5473148096837799,-0.11361145284069199,0.05634636858795715
2,1,2,1,1,-0.36960436502902705,0.014669566471293477,-0.0977156300561012
2,1,2,1,2,0,0,0
2,1,2,2,0,0,0,0
2,1,2,2,1,0,0,0
2,1,2,2,2,0,0,0
2,1,2,3,0,0,0,0
2,1,2,3,1,0,0,0
2,1,2,3,2,0,0,0
2,1,3,0,0,0,0,0
2,1,3,0,1,0,0,0
2,1,3,0,2,0,0,0
2,1,3,1,0,0,0,0
2,1,3,1,1,0,0,0
2,1,3,1,2,0,0,0
2,1,3,2,0,-0.32972762261042693,-0.34758576746986886,0.504238655915651
2,1,3,2,1,-0.06202184143957724,-0.06856721681141344,0.11668113581060627
2,1,3,2,2,0,0,0
2,1,3,3,0,-0.33706198552792604,-0.3456307957633344,0.49420853834118583
2,1,3,3,1,-0.004989997026952049,-0.004990000016964044,0.007972076839265643
2,1,3,3,2,0,0,0
2,2,0,0,0,0.14207744508112327,-0.08628810838236592,-0.10778453514394104
2,2,0,0,1,0.47300717691085076,-0.3175598925820486,-0.28828705885072675
2,2,0,0,2,0,0,0
2,2,0,1,0,0,0,0
2,2,0,1,1,0,0,0
2,2,0,1,2,0,0,0
2,2,0,2,0,0,0,0
2,2,0,2,1,0,0,0
2,2,0,2,2,0,0,0
2,2,0,3,0,0,0,0
2,2,0,3,1,0,0,0
2,2,0,3,2,0,0,0
2,2,1,0,0,-0.34839948234593743,-0.05119111972031063,-0.11311291925510118
2,2,1,0,1,-0.08267082131499737,-0.03192724055685365,-0.21877978491914865
2,2,1,0,2,0,0,0
2,2,1,1,0,0,0,0
2,2,1,1,1,0,0,0
2,2,1,1,2,0,0,0
2,2,1,2,0,0,0,0
2,2,1,2,1,0,0,0
2,2,1,2,2,0,0,0
2,2,1,3,0,0,0,0
2,2,1,3,1,0,0,0
2,2,1,3,2,0,0,0
2,2,2,0,0,0,0,0
2,2,2,0,1,0,0,0
2,2,2,0,2,0,0,0
2,2,2,1,0,-0.40793527543132097,-0.36964520301644094,0.4770807863498731
2,2,2,1,1,-0.21186332363449667,-0.18489529357880782,0.2918096438819672
2,2,2,1,2,0,0,0
2,2,2,2,0,0,0,0
2,2,2,2,1,0,0,0
2,2,2,2,2,0,0,0
2,2,2,3,0,0,0,0
2,2,2,3,1,0,0,0
2,2,2,3,2,0,0,0
2,2,3,0,0,0,0,0
2,2,3,0,1,0,0,0
2,2,3,0,2,0,0,0
2,2,3,1,0,0,0,0
2,2,3,1,1,0,0,0
2,2,3,1,2,0,0,0
2,2,3,2,0,-0.38681064937517584,-0.36166803863259567,0.47967828800480056
2,2,3,2,1,-0.017847628218722298,-0.01489531410147473,0.02079164944404801
2,2,3,2,2,0,0,0
2,2,3,3,0,-0.34495817694574754,-0.3592136748173795,0.5428720710092231
2,2,3,3,1,0,0,0
2,2,3,3,2,0,0,0
2,3,0,0,0,0.063311222584804,-0.12108221602426808,-0.2475006549038274
2,3,0,0,1,0.34592980255814787,-0.26599432179602134,-0.2935112866003024
2,3,0,0,2,0,0,0
2,3,0,1,0,0,0,0
2,3,0,1,1,0,0,0
2,3,0,1,2,0,0,0
2,3,0,2,0,0,0,0
2,3,0,2,1,0,0,0
2,3,0,2,2,0,0,0
2,3,0,3,0,0,0,0
2,3,0,3,1,0,0,0
2,3,0,3,2,0,0,0
2,3,1,0,0,-0.48784697415368533,-0.22325177667121932,0.20778302749514113
2,3,1,0,1,-0.20916687687915406,-0.05361020401109578,0.01069941283952085
2,3,1,0,2,0,0,0
2,3,1,1,0,0,0,0
2,3,1,1,1,0,0,0
2,3,1,1,2,0,0,0
2,3,1,2,0,0,0,0
2,3,1,2,1,0,0,0
2,3,1,2,2,0,0,0
2,3,1,3,0,0,0,0
2,3,1,3,1,0,0,0
2,3,1,3,2,0,0,0
2,3,2,0,0,0,0,0
2,3,2,0,1,0,0,0
2,3,2,0,2,0,0,0
2,3,2,1,0,-0.3651476274846278,-0.4085582370377747,0.3847420294514187
2,3,2,1,1,-0.10778474635033755,-0.10867709295995724,0.18382190195448744
2,3,2,1,2,0,0,0
2,3,2,2,0,0,0,0
2,3,2,2,1,0,0,0
2,3,2,2,2,0,0,0
2,3,2,3,0,0,0,0
2,3,2,3,1,0,0,0
2,3,2,3,2,0,0,0
2,3,3,0,0,0,0,0
2,3,3,0,1,0,0,0
2,3,3,0,2,0,0,0
2,3,3,1,0,0,0,0
2,3,3,1,1,0,0,0
2,3,3,1,2,0,0,0
2,3,3,2,0,-0.4015202494869033,-0.3782051536704899,0.5322947999710659
2,3,3,2,1,-0.0029969960059950014,-0.002996996010988009,0.0029970039980010002
2,3,3,2,2,0,0,0
2,3,3,3,0,-0.4662532692535074,-0.43990428489233613,0.6385064429600471
2,3,3,3,1,0,0,0
2,3,3,3,2,0,0,0
2,4,0,0,0,-0.13471634983695308,-0.241644667842047,-0.1744520010321345
2,4,0,0,1,0.15055999193131148,-0.13871313642076477,-0.13810527173819842
2,4,0,0,2,0,0,0
2,4,0,1,0,0,0,0
2,4,0,1,1,0,0,0
2,4,0,1,2,0,0,0
2,4,0,2,0,0,0,0
2,4,0,2,1,0,0,0
2,4,0,2,2,0,0,0
2,4,0,3,0,0,0,0
2,4,0,3,1,0,0,0
2,4,0,3,2,0,0,0
2,4,1,0,0,-0.38990974487427593,-0.33579762454858775,0.43631937747996524
2,4,1,0,1,-0.07043021721775464,-0.05131897659926182,0.08126341577330234
2,4,1,0,2,0,0,0
2,4,1,1,0,0,0,0
2,4,1,1,1,0,0,0
2,4,1,1,2,0,0,0
2,4,1,2,0,0,0,0
2,4,1,2,1,0,0,0
2,4,1,2,2,0,0,0
2,4,1,3,0,0,0,0
2,4,1,3,1,0,0,0
2,4,1,3,2,0,0,0
2,4,2,0,0,0,0,0
2,4,2,0,1,0,0,0
2,4,2,0,2,0,0,0
2,4,2,1,0,-0.376563363055274,-0.36971803877559484,0.40971660191674997
2,4,2,1,1,-0.03922851968597513,-0.041149139522502334,0.07599997029232679
2,4,2,1,2,0,0,0
2,4,2,2,0,0,0,0
2,4,2,2,1,0,0,0
2,4,2,2,2,0,0,0
2,4,2,3,0,0,0,0
2,4,2,3,1,0,0,0
2,4,2,3,2,0,0,0
2,4,3,0,0,0,0,0
2,4,3,0,1,0,0,0
2,4,3,0,2,0,0,0
2,4,3,1,0,0,0,0
2,4,3,1,1,0,0,0
2,4,3,1,2,0,0,0
2,4,3,2,0,-0.34565491182541447,-0.3598202316109653,0.3888932717200026
2,4,3,2,1,0,0,0
2,4,3,2,2,0,0,0
2,4,3,3,0,-0.4911590061464485,-0.43140210597652523,0.6039675866142671
2,4,3,3,1,0,0,0
2,4,3,3,2,0,0,0
2,5,0,0,0,-0.07470625312984996,-0.12586117983888184,-0.0413065134665885
2,5,0,0,1,0.012904626702354356,-0.010944664190282751,-0.013918010683469751
2,5,0,0,2,0,0,0
2,5,0,1,0,0,0,0
2,5,0,1,1,0,0,0
2,5,0,1,2,0,0,0
2,5,0,2,0,0,0,0
2,5,0,2,1,0,0,0
2,5,0,2,2,0,0,0
2,5,0,3,0,0,0,0
2,5,0,3,1,0,0,0
2,5,0,3,2,0,0,0
2,5,1,0,0,-0.15766151910433754,-0.11615816437580996,0.17103590102775648
2,5,1,0,1,-0.004989997072650218,-0.003993999005993003,0.00399413540834251
2,5,1,0,2,0,0,0
2,5,1,1,0,0,0,0
2,5,1,1,1,0,0,0
2,5,1,1,2,0,0,0
2,5,1,2,0,0,0,0
2,5,1,2,1,0,0,0
2,5,1,2,2,0,0,0
2,5,1,3,0,0,0,0
2,5,1,3,1,0,0,0
2,5,1,3,2,0,0,0
2,5,2,0,0,0,0,0
2,5,2,0,1,0,0,0
2,5,2,0,2,0,0,0
2,5,2,1,0,-0.1720195679393813,-0.14409851471782867,0.19259875300291135
2,5,2,1,1,0,-0.001,0.0029970069911365582
2,5,2,1,2,0,0,0
2,5,2,2,0,0,0,0
2,5,2,2,1,0,0,0
2,5,2,2,2,0,0,0
2,5,2,3,0,0,0,0
2,5,2,3,1,0,0,0
2,5,2,3,2,0,0,0
2,5,3,0,0,0,0,0
2,5,3,0,1,0,0,0
2,5,3,0,2,0,0,0
2,5,3,1,0,0,0,0
2,5,3,1,1,0,0,0
2,5,3,1,2,0,0,0
2,5,3,2,0,-0.12953838807058643,-0.1671802551301605,0.17411808038278206
2,5,3,2,1,0,0,0
2,5,3,2,2,0,0,0
2,5,3,3,0,-0.1938921875274943,-0.17628830360485545,0.26289538267152873
2,5,3,3,1,0,0,0
2,5,3,3,2,0,0,0
3,0,0,0,0,0,0,0
3,0,0,0,1,0.2427880966336359,-0.16895616789352894,-0.17804413455070472
3,0,0,0,2,0,0,0
3,0,0,1,0,0,0,0
3,0,0,1,1,0,0,0
3,0,0,1,2,0,0,0
3,0,0,2,0,0,0,0
3,0,0,2,1,0,0,0
3,0,0,2,2,0,0,0
3,0,0,3,0,0,0,0
3,0,0,3,1,0,0,0
3,0,0,3,2,0,0,0
3,0,1,0,0,0.011911595889991269,-0.01094511523914022,-0.01784771684532202
3,0,1,0,1,0.24754512574835721,-0.20502416374939395,-0.20467932616563944
3,0,1,0,2,0,0,0
3,0,1,1,0,0,0,0
3,0,1,1,1,0,0,0
3,0,1,1,2,0,0,0
3,0,1,2,0,0,0,0
3,0,1,2,1,0,0,0
3,0,1,2,2,0,0,0
3,0,1,3,0,0,0,0
3,0,1,3,1,0,0,0
3,0,1,3,2,0,0,0
3,0,2,0,0,0,0,0
3,0,2,0,1,0,0,0
3,0,2,0,2,0,0,0
3,0,2,1,0,-0.04388344155897469,-0.010881268009616842,-0.007532042768282326
3,0,2,1,1,-0.1399279303412629,0.021976963240041482,-0.09106966354264585
3,0,2,1,2,0,0,0
3,0,2,2,0,0,0,0
3,0,2,2,1,0,0,0
3,0,2,2,2,0,0,0
3,0,2,3,0,0,0,0
3,0,2,3,1,0,0,0
3,0,2,3,2,0,0,0
3,0,3,0,0,0,0,0
3,0,3,0,1,0,0,0
3,0,3,0,2,0,0,0
3,0,3,1,0,0,0,0
3,0,3,1,1,0,0,0
3,0,3,1,2,0,0,0
3,0,3,2,0,-0.06744541229162873,-0.0842747174501557,0.11355496651447945
3,0,3,2,1,-0.22501309961788038,-0.2171747550040918,0.2830286055164781
3,0,3,2,2,0,0,0
3,0,3,3,0,-0.12135790779034748,-0.13634542626863347,0.17862556497080437
3,0,3,3,1,-0.060854205399199196,-0.06657620618156838,0.08378337163039576
3,0,3,3,2,0,0,0
3,1,0,0,0,0.0049900229193447524,-0.006979036729604302,-0.006979023988987069
3,1,0,0,1,0.5198661852541377,-0.38249547429541825,-0.36114150491285407
3,1,0,0,2,0,0,0
3,1,0,1,0,0,0,0
3,1,0,1,1,0,0,0
3,1,0,1,2,0,0,0
3,1,0,2,0,0,0,0
3,1,0,2,1,0,0,0
3,1,0,2,2,0,0,0
3,1,0,3,0,0,0,0
3,1,0,3,1,0,0,0
3,1,0,3,2,0,0,0
3,1,1,0,0,-0.03354680863830963,0.00849507523752391,-0.08923724713425098
3,1,1,0,1,0.022551337874799696,-0.08617364638858303,-0.4475603526313981
3,1,1,0,2,0,0,0
3,1,1,1,0,0,0,0
3,1,1,1,1,0,0,0
3,1,1,1,2,0,0,0
3,1,1,2,0,0,0,0
3,1,1,2,1,0,0,0
3,1,1,2,2,0,0,0
3,1,1,3,0,0,0,0
3,1,1,3,1,0,0,0
3,1,1,3,2,0,0,0
3,1,2,0,0,0,0,0
3,1,2,0,1,0,0,0
3,1,2,0,2,0,0,0
3,1,2,1,0,-0.3145547554382089,-0.14247607625266134,0.18033417727091344
3,1,2,1,1,-0.5846059573672291,-0.19564963878775313,0.11990922898003976
3,1,2,1,2,0,0,0
3,1,2,2,0,0,0,0
3,1,2,2,1,0,0,0
3,1,2,2,2,0,0,0
3,1,2,3,0,0,0,0
3,1,2,3,1,0,0,0
3,1,2,3,2,0,0,0
3,1,3,0,0,0,0,0
3,1,3,0,1,0,0,0
3,1,3,0,2,0,0,0
3,1,3,1,0,0,0,0
3,1,3,1,1,0,0,0
3,1,3,1,2,0,0,0
3,1,3,2,0,-0.2582873482722021,-0.22441196963876445,0.3326622906679968
3,1,3,2,1,-0.2532908513532,-0.25329477018560237,0.39188537507690174
3,1,3,2,2,0,0,0
3,1,3,3,0,-0.33373944508024317,-0.3317336126514577,0.5052281314578047
3,1,3,3,1,-0.024701700002037964,-0.03150793045160995,0.05543445221743219
3,1,3,3,2,0,0,0
3,2,0,0,0,0.015960535617822066,-0.0343680460031933,-0.0694574238753236
3,2,0,0,1,0.32063405617232,-0.29350527028265644,-0.43327591515204694
3,2,0,0,2,0,0,0
3,2,0,1,0,0,0,0
3,2,0,1,1,0,0,0
3,2,0,1,2,0,0,0
3,2,0,2,0,0,0,0
3,2,0,2,1,0,0,0
3,2,0,2,2,0,0,0
3,2,0,3,0,0,0,0
3,2,0,3,1,0,0,0
3,2,0,3,2,0,0,0
3,2,1,0,0,-0.2405787456245181,-0.09877384546815524,0.09942691305479123
3,2,1,0,1,-0.38353820214285306,-0.10947594444010875,0.08411938624293368
3,2,1,0,2,0,0,0
3,2,1,1,0,0,0,0
3,2,1,1,1,0,0,0
3,2,1,1,2,0,0,0
3,2,1,2,0,0,0,0
3,2,1,2,1,0,0,0
3,2,1,2,2,0,0,0
3,2,1,3,0,0,0,0
3,2,1,3,1,0,0,0
3,2,1,3,2,0,0,0
3,2,2,0,0,0,0,0
3,2,2,0,1,0,0,0
3,2,2,0,2,0,0,0
3,2,2,1,0,-0.2819108824992914,-0.24631879863680983,0.14588047225739698
3,2,2,1,1,-0.3257058185522253,-0.3202888706387673,0.4766880105037729
3,2,2,1,2,0,0,0
3,2,2,2,0,0,0,0
3,2,2,2,1,0,0,0
3,2,2,2,2,0,0,0
3,2,2,3,0,0,0,0
3,2,2,3,1,0,0,0
3,2,2,3,2,0,0,0
3,2,3,0,0,0,0,0
3,2,3,0,1,0,0,0
3,2,3,0,2,0,0,0
3,2,3,1,0,0,0,0
3,2,3,1,1,0,0,0
3,2,3,1,2,0,0,0
3,2,3,2,0,-0.3001634793328924,-0.26993624097499314,0.3073628228012464
3,2,3,2,1,-0.06949728879247705,-0.08243916843485907,0.14280648458766887
3,2,3,2,2,0,0,0
3,2,3,3,0,-0.44180146732846953,-0.4085041253881975,0.563432803861451
3,2,3,3,1,-0.001,-0.000999999,0.0019990089641305597
3,2,3,3,2,0,0,0
3,3,0,0,0,-0.10671004508149573,-0.07609847600364335,-0.09344969821795897
3,3,0,0,1,-0.00838653249645399,-0.18295803743309164,-0.28221565830821216
3,3,0,0,2,0,0,0
3,3,0,1,0,0,0,0
3,3,0,1,1,0,0,0
3,3,0,1,2,0,0,0
3,3,0,2,0,0,0,0
3,3,0,2,1,0,0,0
3,3,0,2,2,0,0,0
3,3,0,3,0,0,0,0
3,3,0,3,1,0,0,0
3,3,0,3,2,0,0,0
3,3,1,0,0,-0.31237867439184674,-0.26553265138487636,0.2575611030447512
3,3,1,0,1,-0.26293309719110936,-0.2606636535282761,0.4122758929294398
3,3,1,0,2,0,0,0
3,3,1,1,0,0,0,0
3,3,1,1,1,0,0,0
3,3,1,1,2,0,0,0
3,3,1,2,0,0,0,0
3,3,1,2,1,0,0,0
3,3,1,2,2,0,0,0
3,3,1,3,0,0,0,0
3,3,1,3,1,0,0,0
3,3,1,3,2,0,0,0
3,3,2,0,0,0,0,0
3,3,2,0,1,0,0,0
3,3,2,0,2,0,0,0
3,3,2,1,0,-0.19477168177113163,-0.3626559958395914,0.0832480085703585
3,3,2,1,1,-0.16310618034638102,-0.17804199603155493,0.3004046450831058
3,3,2,1,2,0,0,0
3,3,2,2,0,0,0,0
3,3,2,2,1,0,0,0
3,3,2,2,2,0,0,0
3,3,2,3,0,0,0,0
3,3,2,3,1,0,0,0
3,3,2,3,2,0,0,0
3,3,3,0,0,0,0,0
3,3,3,0,1,0,0,0
3,3,3,0,2,0,0,0
3,3,3,1,0,0,0,0
3,3,3,1,1,0,0,0
3,3,3,1,2,0,0,0
3,3,3,2,0,-0.3396589681102361,-0.29273183515514417,0.3253179689399551
3,3,3,2,1,-0.0059849861653369415,-0.009955049733080253,0.012922405271802393
3,3,3,2,2,0,0,0
3,3,3,3,0,-0.46538244154816555,-0.4258592201372185,0.5294276894392296
3,3,3,3,1,0,0,0
3,3,3,3,2,0,0,0
3,4,0,0,0,-0.27374807354840913,-0.2313748087153653,0.08322905681570951
3,4,0,0,1,-0.06390062228080087,-0.16796587337612556,-0.0507475463979488
3,4,0,0,2,0,0,0
3,4,0,1,0,0,0,0
3,4,0,1,1,0,0,0
3,4,0,1,2,0,0,0
3,4,0,2,0,0,0,0
3,4,0,2,1,0,0,0
3,4,0,2,2,0,0,0
3,4,0,3,0,0,0,0
3,4,0,3,1,0,0,0
3,4,0,3,2,0,0,0
3,4,1,0,0,-0.2275041235038047,-0.31173594150127165,0.19647268647069008
3,4,1,0,1,-0.13416105638367254,-0.10510090987974166,0.19437358955737605
3,4,1,0,2,0,0,0
3,4,1,1,0,0,0,0
3,4,1,1,1,0,0,0
3,4,1,1,2,0,0,0
3,4,1,2,0,0,0,0
3,4,1,2,1,0,0,0
3,4,1,2,2,0,0,0
3,4,1,3,0,0,0,0
3,4,1,3,1,0,0,0
3,4,1,3,2,0,0,0
3,4,2,0,0,0,0,0
3,4,2,0,1,0,0,0
3,4,2,0,2,0,0,0
3,4,2,1,0,-0.19567839089895067,-0.4289637319350667,0.08925603814039715
3,4,2,1,1,-0.030537902938961404,-0.028596365018753275,0.06014885813000537
3,4,2,1,2,0,0,0
3,4,2,2,0,0,0,0
3,4,2,2,1,0,0,0
3,4,2,2,2,0,0,0
3,4,2,3,0,0,0,0
3,4,2,3,1,0,0,0
3,4,2,3,2,0,0,0
3,4,3,0,0,0,0,0
3,4,3,0,1,0,0,0
3,4,3,0,2,0,0,0
3,4,3,1,0,0,0,0
3,4,3,1,1,0,0,0
3,4,3,1,2,0,0,0
3,4,3,2,0,-0.23034831056242047,-0.4074778947149912,0.12437933101951978
3,4,3,2,1,0,0,0
3,4,3,2,2,0,0,0
3,4,3,3,0,-0.33585417620777747,-0.40088360947758117,0.3455097942472195
3,4,3,3,1,0,0,0
3,4,3,3,2,0,0,0
3,5,0,0,0,-0.1443020995591023,-0.15033495649978415,0.10712694741567376
3,5,0,0,1,-0.009947997785816608,-0.015796275694709143,0.02645939407897006
3,5,0,0,2,0,0,0
3,5,0,1,0,0,0,0
3,5,0,1,1,0,0,0
3,5,0,1,2,0,0,0
3,5,0,2,0,0,0,0
3,5,0,2,1,0,0,0
3,5,0,2,2,0,0,0
3,5,0,3,0,0,0,0
3,5,0,3,1,0,0,0
3,5,0,3,2,0,0,0
3,5,1,0,0,-0.07179421144068467,-0.15731294720638692,0.10566637644989212
3,5,1,0,1,-0.005984972743094832,-0.009954872934070092,0.014896142212976402
3,5,1,0,2,0,0,0
3,5,1,1,0,0,0,0
3,5,1,1,1,0,0,0
3,5,1,1,2,0,0,0
3,5,1,2,0,0,0,0
3,5,1,2,1,0,0,0
3,5,1,2,2,0,0,0
3,5,1,3,0,0,0,0
3,5,1,3,1,0,0,0
3,5,1,3,2,0,0,0
3,5,2,0,0,0,0,0
3,5,2,0,1,0,0,0
3,5,2,0,2,0,0,0
3,5,2,1,0,-0.09167923328331454,-0.19730352869818082,0.07896241594662502
3,5,2,1,1,0,-0.001,0.0010000019990373062
3,5,2,1,2,0,0,0
3,5,2,2,0,0,0,0
3,5,2,2,1,0,0,0
3,5,2,2,2,0,0,0
3,5,2,3,0,0,0,0
3,5,2,3,1,0,0,0
3,5,2,3,2,0,0,0
3,5,3,0,0,0,0,0
3,5,3,0,1,0,0,0
3,5,3,0,2,0,0,0
3,5,3,1,0,0,0,0
3,5,3,1,1,0,0,0
3,5,3,1,2,0,0,0
3,5,3,2,0,-0.02820263189031912,-0.164509869971537,0.015991696060118795
3,5,3,2,1,0,0,0
3,5,3,2,2,0,0,0
3,5,3,3,0,-0.1306781427037679,-0.1549710287578135,0.0864852030637273
3,5,3,3,1,0,0,0
3,5,3,3,2,0,0,0
4,0,0,0,0,0,0,0
4,0,0,0,1,0.1901062584947325,-0.13414010928868136,-0.11328698917168695
4,0,0,0,2,0.057022252911668535,-0.026651300476638246,-0.032457166794618915
4,0,0,1,0,0,0,0
4,0,0,1,1,0,0,0
4,0,0,1,2,0,0,0
4,0,0,2,0,0,0,0
4,0,0,2,1,0,0,0
4,0,0,2,2,0,0,0
4,0,0,3,0,0,0,0
4,0,0,3,1,0,0,0
4,0,0,3,2,0,0,0
4,0,1,0,0,0,0,0
4,0,1,0,1,0.3153234533138884,-0.21095619607792193,-0.1919598860373758
4,0,1,0,2,0.03812707020189836,-0.028597287316670612,-0.023695171103750776
4,0,1,1,0,0,0,0
4,0,1,1,1,0,0,0
4,0,1,1,2,0,0,0
4,0,1,2,0,0,0,0
4,0,1,2,1,0,0,0
4,0,1,2,2,0,0,0
4,0,1,3,0,0,0,0
4,0,1,3,1,0,0,0
4,0,1,3,2,0,0,0
4,0,2,0,0,0,0,0
4,0,2,0,1,0,0,0
4,0,2,0,2,0,0,0
4,0,2,1,0,0,0,0
4,0,2,1,1,-0.1547859223253979,-0.03081493806258657,-0.07887346973323138
4,0,2,1,2,-0.001995932904788492,0.0028334001517367775,-0.0029917416614964948
4,0,2,2,0,0,0,0
4,0,2,2,1,0,0,0
4,0,2,2,2,0,0,0
4,0,2,3,0,0,0,0
4,0,2,3,1,0,0,0
4,0,2,3,2,0,0,0
4,0,3,0,0,0,0,0
4,0,3,0,1,0,0,0
4,0,3,0,2,0,0,0
4,0,3,1,0,0,0,0
4,0,3,1,1,0,0,0
4,0,3,1,2,0,0,0
4,0,3,2,0,0,-0.000999999,0.0019991951639457013
4,0,3,2,1,-0.26575798675497936,-0.25924209772859197,0.40791731345292614
4,0,3,2,2,0,0,0
4,0,3,3,0,-0.003993994019973021,-0.006978785322664147,0.005985247763820733
4,0,3,3,1,-0.1935328254852892,-0.21155701231043186,0.26836611194980003
4,0,3,3,2,0,0,0
4,1,0,0,0,0,0,0
4,1,0,0,1,0.5241926431577537,-0.3689740966640248,-0.3824978804754093
4,1,0,0,2,0.013909488955645161,-0.005984957900290371,-0.008963988764375985
4,1,0,1,0,0,0,0
4,1,0,1,1,0,0,0
4,1,0,1,2,0,0,0
4,1,0,2,0,0,0,0
4,1,0,2,1,0,0,0
4,1,0,2,2,0,0,0
4,1,0,3,0,0,0,0
4,1,0,3,1,0,0,0
4,1,0,3,2,0,0,0
4,1,1,0,0,0,0,0
4,1,1,0,1,-0.220807045838727,-0.10539477124228604,-0.3378506019802233
4,1,1,0,2,1.0158147125485534e-06,-0.0009999802542882445,0
4,1,1,1,0,0,0,0
4,1,1,1,1,0,0,0
4,1,1,1,2,0,0,0
4,1,1,2,0,0,0,0
4,1,1,2,1,0,0,0
4,1,1,2,2,0,0,0
4,1,1,3,0,0,0,0
4,1,1,3,1,0,0,0
4,1,1,3,2,0,0,0
4,1,2,0,0,0,0,0
4,1,2,0,1,0,0,0
4,1,2,0,2,0,0,0
4,1,2,1,0,-0.043348760450538905,-0.010653815197535046,-0.046533568350336216
4,1,2,1,1,-0.5998639569173907,-0.4134116300895169,0.5143363612337892
4,1,2,1,2,-0.001,0.003994016947146164,-0.003993988081610489
4,1,2,2,0,0,0,0
4,1,2,2,1,0,0,0
4,1,2,2,2,0,0,0
4,1,2,3,0,0,0,0
4,1,2,3,1,0,0,0
4,1,2,3,2,0,0,0
4,1,3,0,0,0,0,0
4,1,3,0,1,0,0,0
4,1,3,0,2,0,0,0
4,1,3,1,0,0,0,0
4,1,3,1,1,0,0,0
4,1,3,1,2,0,0,0
4,1,3,2,0,-0.13095793418493823,-0.07928151134710464,0.1270324039368378
4,1,3,2,1,-0.3935056558288208,-0.3960410825824544,0.5797955771908754
4,1,3,2,2,0,0,0
4,1,3,3,0,-0.17226362222759087,-0.1772165912138654,0.2841140802878237
4,1,3,3,1,-0.2243751159397812,-0.21028246741560605,0.3292033127448366
4,1,3,3,2,0,0,0
4,2,0,0,0,0,0,-0.0009999675626101913
4,2,0,0,1,0.08534295027652562,-0.23375662400731356,-0.34405721417379614
4,2,0,0,2,0,0,0
4,2,0,1,0,0,0,0
4,2,0,1,1,0,0,0
4,2,0,1,2,0,0,0
4,2,0,2,0,0,0,0
4,2,0,2,1,0,0,0
4,2,0,2,2,0,0,0
4,2,0,3,0,0,0,0
4,2,0,3,1,0,0,0
4,2,0,3,2,0,0,0
4,2,1,0,0,-0.0316496303566504,0.0025232340433356884,-0.07526053069657196
4,2,1,0,1,-0.46530530513469476,-0.3795236852595835,0.527555927410907
4,2,1,0,2,0,0,0
4,2,1,1,0,0,0,0
4,2,1,1,1,0,0,0
4,2,1,1,2,0,0,0
4,2,1,2,0,0,0,0
4,2,1,2,1,0,0,0
4,2,1,2,2,0,0,0
4,2,1,3,0,0,0,0
4,2,1,3,1,0,0,0
4,2,1,3,2,0,0,0
4,2,2,0,0,0,0,0
4,2,2,0,1,0,0,0
4,2,2,0,2,0,0,0
4,2,2,1,0,-0.06006469405940207,-0.14301825153324188,-0.06792252800172464
4,2,2,1,1,-0.40073725876516303,-0.4288223217061911,0.5978898834031464
4,2,2,1,2,0,0,0
4,2,2,2,0,0,0,0
4,2,2,2,1,0,0,0
4,2,2,2,2,0,0,0
4,2,2,3,0,0,0,0
4,2,2,3,1,0,0,0
4,2,2,3,2,0,0,0
4,2,3,0,0,0,0,0
4,2,3,0,1,0,0,0
4,2,3,0,2,0,0,0
4,2,3,1,0,0,0,0
4,2,3,1,1,0,0,0
4,2,3,1,2,0,0,0
4,2,3,2,0,-0.20897027128576995,-0.16538576985606734,0.07300740910908238
4,2,3,2,1,-0.1747483409515341,-0.16895101234049748,0.2696388458139857
4,2,3,2,2,0,0,0
4,2,3,3,0,-0.3637592600503781,-0.3324444125623674,0.46578746558588285
4,2,3,3,1,-0.05637470432621952,-0.06670199019531309,0.09792513801590462
4,2,3,3,2,0,0,0
4,3,0,0,0,-0.05567784226389013,-0.030177116454263145,-0.06561669767492043
4,3,0,0,1,-0.32519829421553853,-0.3306464681392314,0.1385243211718027
4,3,0,0,2,0,0,0
4,3,0,1,0,0,0,0
4,3,0,1,1,0,0,0
4,3,0,1,2,0,0,0
4,3,0,2,0,0,0,0
4,3,0,2,1,0,0,0
4,3,0,2,2,0,0,0
4,3,0,3,0,0,0,0
4,3,0,3,1,0,0,0
4,3,0,3,2,0,0,0
4,3,1,0,0,-0.05744513390482768,-0.18464208024679316,-0.04800197005516789
4,3,1,0,1,-0.33706368390771246,-0.37065102446106396,0.4992511524324965
4,3,1,0,2,0,0,0
4,3,1,1,0,0,0,0
4,3,1,1,1,0,0,0
4,3,1,1,2,0,0,0
4,3,1,2,0,0,0,0
4,3,1,2,1,0,0,0
4,3,1,2,2,0,0,0
4,3,1,3,0,0,0,0
4,3,1,3,1,0,0,0
4,3,1,3,2,0,0,0
4,3,2,0,0,0,0,0
4,3,2,0,1,0,0,0
4,3,2,0,2,0,0,0
4,3,2,1,0,-0.1007774442198333,-0.29085935616828584,-0.02248284571875351
4,3,2,1,1,-0.20948960149124046,-0.22900619713854703,0.3405262536696681
4,3,2,1,2,0,0,0
4,3,2,2,0,0,0,0
4,3,2,2,1,0,0,0
4,3,2,2,2,0,0,0
4,3,2,3,0,0,0,0
4,3,2,3,1,0,0,0
4,3,2,3,2,0,0,0
4,3,3,0,0,0,0,0
4,3,3,0,1,0,0,0
4,3,3,0,2,0,0,0
4,3,3,1,0,0,0,0
4,3,3,1,1,0,0,0
4,3,3,1,2,0,0,0
4,3,3,2,0,-0.12284586415810672,-0.29610545741345295,0.04720293042961083
4,3,3,2,1,-0.05353895203309511,-0.07876251813860481,0.08794109633300515
4,3,3,2,2,0,0,0
4,3,3,3,0,-0.36947576174484753,-0.331651037368784,0.2780165822344575
4,3,3,3,1,-0.0019989607694152617,-0.003993988064782583,0.004990042633304136
4,3,3,3,2,0,0,0
4,4,0,0,0,-0.12211035873331838,-0.1942724003494946,-0.1286878742302608
4,4,0,0,1,-0.3267517270221205,-0.30959159734153724,0.41461345975076846
4,4,0,0,2,0,0,0
4,4,0,1,0,0,0,0
4,4,0,1,1,0,0,0
4,4,0,1,2,0,0,0
4,4,0,2,0,0,0,0
4,4,0,2,1,0,0,0
4,4,0,2,2,0,0,0
4,4,0,3,0,0,0,0
4,4,0,3,1,0,0,0
4,4,0,3,2,0,0,0
4,4,1,0,0,-0.10137972089253437,-0.27050407831633877,0.007054025288517552
4,4,1,0,1,-0.14449155124044818,-0.1280763084401083,0.21033901536926342
4,4,1,0,2,0,0,0
4,4,1,1,0,0,0,0
4,4,1,1,1,0,0,0
4,4,1,1,2,0,0,0
4,4,1,2,0,0,0,0
4,4,1,2,1,0,0,0
4,4,1,2,2,0,0,0
4,4,1,3,0,0,0,0
4,4,1,3,1,0,0,0
4,4,1,3,2,0,0,0
4,4,2,0,0,0,0,0
4,4,2,0,1,0,0,0
4,4,2,0,2,0,0,0
4,4,2,1,0,-0.03683396555697694,-0.333044328454194,-0.0007565202376997623
4,4,2,1,1,-0.05164220105247727,-0.06483318906499001,0.1060124243309781
4,4,2,1,2,0,0,0
4,4,2,2,0,0,0,0
4,4,2,2,1,0,0,0
4,4,2,2,2,0,0,0
4,4,2,3,0,0,0,0
4,4,2,3,1,0,0,0
4,4,2,3,2,0,0,0
4,4,3,0,0,0,0,0
4,4,3,0,1,0,0,0
4,4,3,0,2,0,0,0
4,4,3,1,0,0,0,0
4,4,3,1,1,0,0,0
4,4,3,1,2,0,0,0
4,4,3,2,0,-0.10003402643550688,-0.3898909265648958,0.0035664835698907098
4,4,3,2,1,-0.001999,0,0.0019990148955577325
4,4,3,2,2,0,0,0
4,4,3,3,0,-0.22204444502687987,-0.24636652582085541,-0.01364613601704755
4,4,3,3,1,0,0,0
4,4,3,3,2,0,0,0
4,5,0,0,0,-0.054579189899724635,-0.13575567393663157,-0.008715262916042738
4,5,0,0,1,-0.033442110274086084,-0.038265276710138504,0.06764321706520596
4,5,0,0,2,0,0,0
4,5,0,1,0,0,0,0
4,5,0,1,1,0,0,0
4,5,0,1,2,0,0,0
4,5,0,2,0,0,0,0
4,5,0,2,1,0,0,0
4,5,0,2,2,0,0,0
4,5,0,3,0,0,0,0
4,5,0,3,1,0,0,0
4,5,0,3,2,0,0,0
4,5,1,0,0,-0.06097846157971627,-0.12654881783947688,0.03163554227119309
4,5,1,0,1,-0.00797187858019632,-0.016864343422403522,0.01883077429265037
4,5,1,0,2,0,0,0
4,5,1,1,0,0,0,0
4,5,1,1,1,0,0,0
4,5,1,1,2,0,0,0
4,5,1,2,0,0,0,0
4,5,1,2,1,0,0,0
4,5,1,2,2,0,0,0
4,5,1,3,0,0,0,0
4,5,1,3,1,0,0,0
4,5,1,3,2,0,0,0
4,5,2,0,0,0,0,0
4,5,2,0,1,0,0,0
4,5,2,0,2,0,0,0
4,5,2,1,0,0.011314606610547987,-0.15842905172747346,-0.039706772037119455
4,5,2,1,1,-0.0009999980009900448,-0.0039939831717906125,0.002997012944264476
4,5,2,1,2,0,0,0
4,5,2,2,0,0,0,0
4,5,2,2,1,0,0,0
4,5,2,2,2,0,0,0
4,5,2,3,0,0,0,0
4,5,2,3,1,0,0,0
4,5,2,3,2,0,0,0
4,5,3,0,0,0,0,0
4,5,3,0,1,0,0,0
4,5,3,0,2,0,0,0
4,5,3,1,0,0,0,0
4,5,3,1,1,0,0,0
4,5,3,1,2,0,0,0
4,5,3,2,0,-0.02109742318139353,-0.13733513702741956,0.00617381136779312
4,5,3,2,1,0,0,0
4,5,3,2,2,0,0,0
4,5,3,3,0,-0.010441998979129662,-0.14915912816349164,-0.09857128354545451
4,5,3,3,1,0,0,0
4,5,3,3,2,0,0,0
5,0,0,0,0,0,0,0
5,0,0,0,1,0.09137518406379873,-0.05731842512786683,-0.06284615258463679
5,0,0,0,2,0.06481118989411822,-0.05920387837196191,-0.050483627467757836
5,0,0,1,0,0,0,0
5,0,0,1,1,0,0,0
5,0,0,1,2,0,0,0
5,0,0,2,0,0,0,0
5,0,0,2,1,0,0,0
5,0,0,2,2,0,0,0
5,0,0,3,0,0,0,0
5,0,0,3,1,0,0,0
5,0,0,3,2,0,0,0
5,0,1,0,0,0,0,0
5,0,1,0,1,0.14466195880739136,-0.08586378490839662,-0.08965029225098346
5,0,1,0,2,0.07651533013956723,-0.04784077760460095,-0.03338950351458429
5,0,1,1,0,0,0,0
5,0,1,1,1,0,0,0
5,0,1,1,2,0,0,0
5,0,1,2,0,0,0,0
5,0,1,2,1,0,0,0
5,0,1,2,2,0,0,0
5,0,1,3,0,0,0,0
5,0,1,3,1,0,0,0
5,0,1,3,2,0,0,0
5,0,2,0,0,0,0,0
5,0,2,0,1,0,0,0
5,0,2,0,2,0,0,0
5,0,2,1,0,0,0,0
5,0,2,1,1,-0.07661684161355722,-0.038536655443705284,0.00398062765968653
5,0,2,1,2,-0.021587052149648903,0.0027238263661854565,-0.0068671197394745654
5,0,2,2,0,0,0,0
5,0,2,2,1,0,0,0
5,0,2,2,2,0,0,0
5,0,2,3,0,0,0,0
5,0,2,3,1,0,0,0
5,0,2,3,2,0,0,0
5,0,3,0,0,0,0,0
5,0,3,0,1,0,0,0
5,0,3,0,2,0,0,0
5,0,3,1,0,0,0,0
5,0,3,1,1,0,0,0
5,0,3,1,2,0,0,0
5,0,3,2,0,0,0,0
5,0,3,2,1,-0.1269970591591718,-0.1306909609979447,0.18716231454591262
5,0,3,2,2,-0.005971712301149052,-0.008964044075457553,0.00797209912932414
5,0,3,3,0,0,0,0
5,0,3,3,1,-0.08682925644586482,-0.09699748156648405,0.1291903976661893
5,0,3,3,2,0,0,0
5,1,0,0,0,0,0,0
5,1,0,0,1,0.3463099057066135,-0.26257704846249286,-0.27970637930263104
5,1,0,0,2,0.05732249090095746,-0.040189565552397805,-0.030538688525559583
5,1,0,1,0,0,0,0
5,1,0,1,1,0,0,0
5,1,0,1,2,0,0,0
5,1,0,2,0,0,0,0
5,1,0,2,1,0,0,0
5,1,0,2,2,0,0,0
5,1,0,3,0,0,0,0
5,1,0,3,1,0,0,0
5,1,0,3,2,0,0,0
5,1,1,0,0,0,0,0
5,1,1,0,1,-0.1599826745380663,-0.12456332645422301,-0.11679803735314098
5,1,1,0,2,0.005073069707115928,-0.008022006110619897,-0.025677433094469182
5,1,1,1,0,0,0,0
5,1,1,1,1,0,0,0
5,1,1,1,2,0,0,0
5,1,1,2,0,0,0,0
5,1,1,2,1,0,0,0
5,1,1,2,2,0,0,0
5,1,1,3,0,0,0,0
5,1,1,3,1,0,0,0
5,1,1,3,2,0,0,0
5,1,2,0,0,0,0,0
5,1,2,0,1,0,0,0
5,1,2,0,2,0,0,0
5,1,2,1,0,0,0,0
5,1,2,1,1,-0.36381688152884273,-0.2712764155618336,0.3604632127252821
5,1,2,1,2,-0.037305409864315124,-0.013759224833152667,-0.012775028557673979
5,1,2,2,0,0,0,0
5,1,2,2,1,0,0,0
5,1,2,2,2,0,0,0
5,1,2,3,0,0,0,0
5,1,2,3,1,0,0,0
5,1,2,3,2,0,0,0
5,1,3,0,0,0,0,0
5,1,3,0,1,0,0,0
5,1,3,0,2,0,0,0
5,1,3,1,0,0,0,0
5,1,3,1,1,0,0,0
5,1,3,1,2,0,0,0
5,1,3,2,0,0.0009920308657376514,0,0.0019990237862949406
5,1,3,2,1,-0.23897214299542072,-0.21470583387709039,0.34583176639257435
5,1,3,2,2,0,0,0
5,1,3,3,0,-0.023725141856808664,-0.03146701392430171,0.047737287827648175
5,1,3,3,1,-0.1780518386266778,-0.17061749843444105,0.24132259043384877
5,1,3,3,2,0,0,0
5,2,0,0,0,0,0,0
5,2,0,0,1,-0.18797620202512294,-0.17788984748691491,-0.1299296798978721
5,2,0,0,2,0,0,0
5,2,0,1,0,0,0,0
5,2,0,1,1,0,0,0
5,2,0,1,2,0,0,0
5,2,0,2,0,0,0,0
5,2,0,2,1,0,0,0
5,2,0,2,2,0,0,0
5,2,0,3,0,0,0,0
5,2,0,3,1,0,0,0
5,2,0,3,2,0,0,0
5,2,1,0,0,0.0019990019990040577,-0.001998999,0
5,2,1,0,1,-0.29923632683352896,-0.2654387465463099,0.3663059015458285
5,2,1,0,2,0,0,0
5,2,1,1,0,0,0,0
5,2,1,1,1,0,0,0
5,2,1,1,2,0,0,0
5,2,1,2,0,0,0,0
5,2,1,2,1,0,0,0
5,2,1,2,2,0,0,0
5,2,1,3,0,0,0,0
5,2,1,3,1,0,0,0
5,2,1,3,2,0,0,0
5,2,2,0,0,0,0,0
5,2,2,0,1,0,0,0
5,2,2,0,2,0,0,0
5,2,2,1,0,-0.003290826981635738,-0.013634662363506477,-0.013888444339626006
5,2,2,1,1,-0.20735099776110352,-0.22082315427721705,0.3124050734891094
5,2,2,1,2,0,0,0
5,2,2,2,0,0,0,0
5,2,2,2,1,0,0,0
5,2,2,2,2,0,0,0
5,2,2,3,0,0,0,0
5,2,2,3,1,0,0,0
5,2,2,3,2,0,0,0
5,2,3,0,0,0,0,0
5,2,3,0,1,0,0,0
5,2,3,0,2,0,0,0
5,2,3,1,0,0,0,0
5,2,3,1,1,0,0,0
5,2,3,1,2,0,0,0
5,2,3,2,0,-0.04845508837400225,-0.04703222750517915,-0.04757989332410218
5,2,3,2,1,-0.1419191822339493,-0.14534583069310272,0.25038121765216526
5,2,3,2,2,0,0,0
5,2,3,3,0,-0.24212860043603848,-0.2379577707078793,0.27926008454398465
5,2,3,3,1,-0.04306529527844328,-0.04974297428226715,0.09972818343963243
5,2,3,3,2,0,0,0
5,3,0,0,0,0.006947247750536083,-0.008964039119272611,-0.00797197636639948
5,3,0,0,1,-0.3304862557730479,-0.2550170044709835,0.2792037940833235
5,3,0,0,2,0,0,0
5,3,0,1,0,0,0,0
5,3,0,1,1,0,0,0
5,3,0,1,2,0,0,0
5,3,0,2,0,0,0,0
5,3,0,2,1,0,0,0
5,3,0,2,2,0,0,0
5,3,0,3,0,0,0,0
5,3,0,3,1,0,0,0
5,3,0,3,2,0,0,0
5,3,1,0,0,0.016207877645529913,-0.031242757440704982,-0.04989491210335423
5,3,1,0,1,-0.19673609586742924,-0.19474335762263298,0.31026683181873993
5,3,1,0,2,0,0,0
5,3,1,1,0,0,0,0
5,3,1,1,1,0,0,0
5,3,1,1,2,0,0,0
5,3,1,2,0,0,0,0
5,3,1,2,1,0,0,0
5,3,1,2,2,0,0,0
5,3,1,3,0,0,0,0
5,3,1,3,1,0,0,0
5,3,1,3,2,0,0,0
5,3,2,0,0,0,0,0
5,3,2,0,1,0,0,0
5,3,2,0,2,0,0,0
5,3,2,1,0,-0.043596701245761274,-0.07052373659689175,-0.08996939153358958
5,3,2,1,1,-0.14363455201220587,-0.15046226302246327,0.2405641710198744
5,3,2,1,2,0,0,0
5,3,2,2,0,0,0,0
5,3,2,2,1,0,0,0
5,3,2,2,2,0,0,0
5,3,2,3,0,0,0,0
5,3,2,3,1,0,0,0
5,3,2,3,2,0,0,0
5,3,3,0,0,0,0,0
5,3,3,0,1,0,0,0
5,3,3,0,2,0,0,0
5,3,3,1,0,0,0,0
5,3,3,1,1,0,0,0
5,3,3,1,2,0,0,0
5,3,3,2,0,-0.05011764085918523,-0.17479787824903892,-0.0062995582819820395
5,3,3,2,1,-0.04210752590943864,-0.04306546317779892,0.075075023041906
5,3,3,2,2,0,0,0
5,3,3,3,0,-0.2554864012573984,-0.2729725183176261,0.2986772793320856
5,3,3,3,1,-0.002996999000999,-0.00498992011810746,0.004990019975025981
5,3,3,3,2,0,0,0
5,4,0,0,0,0.08488728274002347,-0.08498741113044095,-0.12021534325969713
5,4,0,0,1,-0.23598489410923393,-0.15479943362191675,0.21269913547751024
5,4,0,0,2,0,0,0
5,4,0,1,0,0,0,0
5,4,0,1,1,0,0,0
5,4,0,1,2,0,0,0
5,4,0,2,0,0,0,0
5,4,0,2,1,0,0,0
5,4,0,2,2,0,0,0
5,4,0,3,0,0,0,0
5,4,0,3,1,0,0,0
5,4,0,3,2,0,0,0
5,4,1,0,0,0.00690638116944136,-0.12203241372704922,-0.08787130339630525
5,4,1,0,1,-0.09971555131486964,-0.0924811039309506,0.15726449740150866
5,4,1,0,2,0,0,0
5,4,1,1,0,0,0,0
5,4,1,1,1,0,0,0
5,4,1,1,2,0,0,0
5,4,1,2,0,0,0,0
5,4,1,2,1,0,0,0
5,4,1,2,2,0,0,0
5,4,1,3,0,0,0,0
5,4,1,3,1,0,0,0
5,4,1,3,2,0,0,0
5,4,2,0,0,0,0,0
5,4,2,0,1,0,0,0
5,4,2,0,2,0,0,0
5,4,2,1,0,0.004361447483344922,-0.18910724415444902,-0.034934672812563204
5,4,2,1,1,-0.02762400472198258,-0.04018914606423746,0.057322854361055706
5,4,2,1,2,0,0,0
5,4,2,2,0,0,0,0
5,4,2,2,1,0,0,0
5,4,2,2,2,0,0,0
5,4,2,3,0,0,0,0
5,4,2,3,1,0,0,0
5,4,2,3,2,0,0,0
5,4,3,0,0,0,0,0
5,4,3,0,1,0,0,0
5,4,3,0,2,0,0,0
5,4,3,1,0,0,0,0
5,4,3,1,1,0,0,0
5,4,3,1,2,0,0,0
5,4,3,2,0,-0.05050104928048577,-0.24367972420333,0.019407025131599833
5,4,3,2,1,-0.001,-0.001998997001999,0.0029970621475911233
5,4,3,2,2,0,0,0
5,4,3,3,0,-0.013636117311022662,-0.26330913828481595,-0.057268178908506204
5,4,3,3,1,0,0,0
5,4,3,3,2,0,0,0
5,5,0,0,0,0.061929871941230036,-0.0653063792695873,-0.07443424029998992
5,5,0,0,1,-0.016824411472014286,-0.009911124396121587,0.012774874589913885
5,5,0,0,2,0,0,0
5,5,0,1,0,0,0,0
5,5,0,1,1,0,0,0
5,5,0,1,2,0,0,0
5,5,0,2,0,0,0,0
5,5,0,2,1,0,0,0
5,5,0,2,2,0,0,0
5,5,0,3,0,0,0,0
5,5,0,3,1,0,0,0
5,5,0,3,2,0,0,0
5,5,1,0,0,-0.015339525624663857,-0.048179498818072417,-0.034539419352148645
5,5,1,0,1,-0.004989988073487656,-0.002996987104454206,0.012922647532871444
5,5,1,0,2,0,0,0
5,5,1,1,0,0,0,0
5,5,1,1,1,0,0,0
5,5,1,1,2,0,0,0
5,5,1,2,0,0,0,0
5,5,1,2,1,0,0,0
5,5,1,2,2,0,0,0
5,5,1,3,0,0,0,0
5,5,1,3,1,0,0,0
5,5,1,3,2,0,0,0
5,5,2,0,0,0,0,0
5,5,2,0,1,0,0,0
5,5,2,0,2,0,0,0
5,5,2,1,0,-0.012125993777238483,-0.09801222824822947,-0.0052261155687141105
5,5,2,1,1,-0.0009999531096530736,0,0
5,5,2,1,2,0,0,0
5,5,2,2,0,0,0,0
5,5,2,2,1,0,0,0
5,5,2,2,2,0,0,0
5,5,2,3,0,0,0,0
5,5,2,3,1,0,0,0
5,5,2,3,2,0,0,0
5,5,3,0,0,0,0,0
5,5,3,0,1,0,0,0
5,5,3,0,2,0,0,0
5,5,3,1,0,0,0,0
5,5,3,1,1,0,0,0
5,5,3,1,2,0,0,0
5,5,3,2,0,-0.001792927430730037,-0.08022556540184358,-0.021782375730495955
5,5,3,2,1,0,0,0
5,5,3,2,2,0,0,0
5,5,3,3,0,0.10063508657841691,-0.0926439854708344,-0.09663526098817801
5,5,3,3,1,0,0,0
5,5,3,3,2,0,0,0
